Number,Name,Rx Freq,Tx Freq,Ch Mode,Power,Rx Tone,Tx Tone,Color Code,Rx Group List,Contact,Repeater Slot
1,439.2 SPX DMR,439.2,439.2,Digital,Low,None,None,1,0,1,1
2,438.7 SPX DMR,438.7,438.7,Digital,High,None,None,1,0,1,1
3,DV4 TG9 S1,439.125,439.125,Digital,Low,None,None,1,4,5,1
4,DV4 BM TG9 S2,439.125,439.125,Digital,Low,None,None,1,4,5,2
5,DV4 tg133 US,439.125,439.125,Digital,Low,None,None,1,4,44,2
6,DV4 tg143 UK,439.125,439.125,Digital,Low,None,None,1,4,45,2
7,DV4 tg153 SthPa,439.125,439.125,Digital,Low,None,None,1,4,46,2
8,DV4 tg3800 AU,439.125,439.125,Digital,Low,None,None,1,4,47,2
9,DV4 tg3801 ACT,439.125,439.125,Digital,Low,None,None,1,4,48,2
10,DV4 tg3802 NSW,439.125,439.125,Digital,Low,None,None,1,4,49,2
11,DV4 tg3803 Vic,439.125,439.125,Digital,Low,None,None,1,4,50,2
12,DV4 tg3804 Qld,439.125,439.125,Digital,Low,None,None,1,4,51,2
13,DV4 tg3805 SA,439.125,439.125,Digital,Low,None,None,1,4,52,2
14,DV4 tg3806 WA,439.125,439.125,Digital,Low,None,None,1,4,53,2
15,DV4 tg3807 Tas,439.125,439.125,Digital,Low,None,None,1,4,54,2
16,DV hs Scan,439.125,439.125,Digital,Low,None,None,1,4,1,2
17,DVm TG9S2,439.15,439.15,Digital,Low,None,None,1,2,5,2
18,DVm 505 AU,439.15,439.15,Digital,Low,None,None,1,2,15,2
19,DVm YSF 50599,439.15,439.15,Digital,Low,None,None,1,2,37,2
20,DVm 5051 ACT,439.15,439.15,Digital,Low,None,None,1,2,30,2
21,DVm 5052 NSW,439.15,439.15,Digital,Low,None,None,1,2,31,2
22,DVm 5053 Vic,439.15,439.15,Digital,Low,None,None,1,2,32,2
23,DVm 5054 Qld,439.15,439.15,Digital,Low,None,None,1,2,33,2
24,DVm 5055 SA,439.15,439.15,Digital,Low,None,None,1,2,34,2
25,DVm 5056 WA,439.15,439.15,Digital,Low,None,None,1,2,35,2
26,DVm 5057 Tas,439.15,439.15,Digital,Low,None,None,1,2,36,2
27,DVm WICEN,439.15,439.15,Digital,Low,None,None,1,2,43,1
28,DVm TG91 WW,439.15,439.15,Digital,Low,None,None,1,2,39,1
29,DVm TG913 WWE,439.15,439.15,Digital,Low,None,None,1,2,40,1
30,DVm TG923 EU E,439.15,439.15,Digital,Low,None,None,1,2,40,1
31,DVm TG95 PacRim,439.15,439.15,Digital,Low,None,None,1,2,42,1
32,DVm 26204,439.15,439.15,Digital,Low,None,None,1,2,55,1
33,DVm 31665,439.15,439.15,Digital,Low,None,None,1,2,56,2
34,DVm 4000 discnt,439.15,439.15,Digital,Low,None,None,1,0,27,1
35,DVm 5000 status,439.15,439.15,Digital,Low,None,None,1,0,28,1
36,Z bm TG9S2,439.1375,439.1375,Digital,Low,None,None,1,2,5,2
37,Z bm 505 AU,439.1375,439.1375,Digital,Low,None,None,1,2,15,2
38,Z bm YSF 50599,439.1375,439.1375,Digital,Low,None,None,1,2,37,2
39,Z bm 5051 ACT,439.1375,439.1375,Digital,Low,None,None,1,2,30,2
40,Z bm 5052 NSW,439.1375,439.1375,Digital,Low,None,None,1,2,31,2
41,Z bm 5053 Vic,439.1375,439.1375,Digital,Low,None,None,1,2,32,2
42,Z bm 5054 Qld,439.1375,439.1375,Digital,Low,None,None,1,2,33,2
43,Z bm 5055 SA,439.1375,439.1375,Digital,Low,None,None,1,2,34,2
44,Z bm 5056 WA,439.1375,439.1375,Digital,Low,None,None,1,2,35,2
45,Z bm 5057 Tas,439.1375,439.1375,Digital,Low,None,None,1,2,36,2
46,Z bm WICEN,439.1375,439.1375,Digital,Low,None,None,1,2,43,1
47,Z bm TG91 WW,439.1375,439.1375,Digital,Low,None,None,1,2,39,1
48,Z bm TG913 WWE,439.1375,439.1375,Digital,Low,None,None,1,2,40,1
49,Z bm TG923 EU E,439.1375,439.1375,Digital,Low,None,None,1,2,40,1
50,Z bm TG95 PacRim,439.1375,439.1375,Digital,Low,None,None,1,2,42,1
51,Z bm 26204,439.1375,439.1375,Digital,Low,None,None,1,2,55,1
52,Z bm 31665,439.1375,439.1375,Digital,Low,None,None,1,2,56,2
53,Z bm 4000 discnt,439.1375,439.1375,Digital,Low,None,None,1,0,27,1
54,Z bm 5000 status,439.1375,439.1375,Digital,Low,None,None,1,0,28,1
55,11 VK1RBM Scan,438.8125,431.8125,Digital,High,None,None,1,3,1,1
56,11 TG1 WW,438.8125,431.8125,Digital,High,None,None,1,3,2,1
57,11 TG5 VK Bcast,438.8125,431.8125,Digital,High,None,None,1,3,3,1
58,11 TG8 S1,438.8125,431.8125,Digital,High,None,None,1,3,4,1
59,11 TG9 S1 Loc,438.8125,431.8125,Digital,High,None,None,1,3,5,1
60,11 TG13 WWE,438.8125,431.8125,Digital,High,None,None,1,3,6,1
61,11 TG113 UA E1,438.8125,431.8125,Digital,High,None,None,1,3,9,1
62,11 TG123 UA E2,438.8125,431.8125,Digital,High,None,None,1,3,10,1
63,11 TG133 +USA,438.8125,431.8125,Digital,High,None,None,1,3,11,1
64,11 TG143 +UK,438.8125,431.8125,Digital,High,None,None,1,3,12,1
65,11 TG153 SthPac,438.8125,431.8125,Digital,High,None,None,1,3,13,1
66,11 TG505 AU,438.8125,431.8125,Digital,High,None,None,1,3,15,1
67,11 TG3800 AU+,438.8125,431.8125,Digital,High,None,None,1,3,17,2
68,11 TG3801 ACT,438.8125,431.8125,Digital,High,None,None,1,3,18,2
69,11 TG3802 NSW,438.8125,431.8125,Digital,High,None,None,1,3,19,2
70,11 Ref Discnct,438.8125,431.8125,Digital,High,None,None,1,3,26,1
71,11 Rep Status,438.8125,431.8125,Digital,High,None,None,1,3,27,1
72,19 VK2RFI Scan,147.175,147.775,Digital,High,None,None,1,3,1,1
73,19 TG1 WW,147.175,147.775,Digital,High,None,None,1,3,2,1
74,19 TG5 VK Bcast,147.175,147.775,Digital,High,None,None,1,3,3,1
75,19 TG8 S1,147.175,147.775,Digital,High,None,None,1,3,4,1
76,19 TG9 S1 Loc,147.175,147.775,Digital,High,None,None,1,3,5,1
77,19 TG13 WWE,147.175,147.775,Digital,High,None,None,1,3,6,1
78,19 TG113 UA E1,147.175,147.775,Digital,High,None,None,1,3,9,1
79,19 TG123 UA E2,147.175,147.775,Digital,High,None,None,1,3,10,1
80,19 TG133 +USA,147.175,147.775,Digital,High,None,None,1,3,11,1
81,19 TG143 +UK,147.175,147.775,Digital,High,None,None,1,3,12,1
82,19 TG153 SthPac,147.175,147.775,Digital,High,None,None,1,3,13,1
83,19 TG505 AU,147.175,147.775,Digital,High,None,None,1,3,15,1
84,19 TG3800 AU+,147.175,147.775,Digital,High,None,None,1,3,17,2
85,19 TG3801 ACT,147.175,147.775,Digital,High,None,None,1,3,18,2
86,19 TG3802 NSW,147.175,147.775,Digital,High,None,None,1,3,19,2
87,19 Ref Discnct,147.175,147.775,Digital,High,None,None,1,3,26,1
88,19 Rep Status,147.175,147.775,Digital,High,None,None,1,3,27,1
89,20 VK2RTH Scan,438.4,431.4,Digital,High,None,None,1,3,1,1
90,20 TG1 WW,438.4,431.4,Digital,High,None,None,1,3,2,1
91,20 TG5 VK Bcast,438.4,431.4,Digital,High,None,None,1,3,3,1
92,20 TG8 S1,438.4,431.4,Digital,High,None,None,1,3,4,1
93,20 TG9 S1 Loc,438.4,431.4,Digital,High,None,None,1,3,5,1
94,20 TG13 WWE,438.4,431.4,Digital,High,None,None,1,3,6,1
95,20 TG113 UA E1,438.4,431.4,Digital,High,None,None,1,3,9,1
96,20 TG123 UA E2,438.4,431.4,Digital,High,None,None,1,3,10,1
97,20 TG133 +USA,438.4,431.4,Digital,High,None,None,1,3,11,1
98,20 TG143 +UK,438.4,431.4,Digital,High,None,None,1,3,12,1
99,20 TG153 SthPac,438.4,431.4,Digital,High,None,None,1,3,13,1
100,20 TG505 AU,438.4,431.4,Digital,High,None,None,1,3,15,1
101,20 TG3800 AU+,438.4,431.4,Digital,High,None,None,1,3,17,2
102,20 TG3801 ACT,438.4,431.4,Digital,High,None,None,1,3,18,2
103,20 TG3802 NSW,438.4,431.4,Digital,High,None,None,1,3,19,2
104,20 Ref Discnct,438.4,431.4,Digital,High,None,None,1,3,26,1
105,20 Rep Status,438.4,431.4,Digital,High,None,None,1,3,27,1
106,21 VK2RGN Scan,438.325,433.325,Digital,High,None,None,1,3,1,1
107,21 TG1 WW,438.325,433.325,Digital,High,None,None,1,3,2,1
108,21 TG5 VK Bcast,438.325,433.325,Digital,High,None,None,1,3,3,1
109,21 TG8 S1,438.325,433.325,Digital,High,None,None,1,3,4,1
110,21 TG9 S1 Loc,438.325,433.325,Digital,High,None,None,1,3,5,1
111,21 TG13 WWE,438.325,433.325,Digital,High,None,None,1,3,6,1
112,10 TG113 UA E1,438.325,433.325,Digital,High,None,None,1,3,9,1
113,21 TG123 UA E2,438.325,433.325,Digital,High,None,None,1,3,10,1
114,21 TG133 +USA,438.325,433.325,Digital,High,None,None,1,3,11,1
115,21 TG143 +UK,438.325,433.325,Digital,High,None,None,1,3,12,1
116,21 TG153 SthPac,438.325,433.325,Digital,High,None,None,1,3,13,1
117,21 TG505 AU,438.325,433.325,Digital,High,None,None,1,3,15,1
118,21 TG3800 AU+,438.325,433.325,Digital,High,None,None,1,3,17,2
119,21 TG3801 ACT,438.325,433.325,Digital,High,None,None,1,3,18,2
120,21 TG3802 NSW,438.325,433.325,Digital,High,None,None,1,3,19,2
121,21 Ref Discnct,438.325,433.325,Digital,High,None,None,1,3,26,1
122,21 Rep Status,438.325,433.325,Digital,High,None,None,1,3,27,1
123,22 VK2RHR Scan,439.9,434.9,Digital,High,None,None,1,3,1,1
124,22 TG1 WW,439.9,434.9,Digital,High,None,None,1,3,2,1
125,22 TG5 VK Bcast,439.9,434.9,Digital,High,None,None,1,3,3,1
126,22 TG8 S1,439.9,434.9,Digital,High,None,None,1,3,4,1
127,22 TG9 S1 Loc,439.9,434.9,Digital,High,None,None,1,3,5,1
128,22 TG13 WWE,439.9,434.9,Digital,High,None,None,1,3,6,1
129,22 TG113 UA E1,439.9,434.9,Digital,High,None,None,1,3,9,1
130,22 TG123 UA E2,439.9,434.9,Digital,High,None,None,1,3,10,1
131,22 TG133 +USA,439.9,434.9,Digital,High,None,None,1,3,11,1
132,22 TG143 +UK,439.9,434.9,Digital,High,None,None,1,3,12,1
133,22 TG153 SthPac,439.9,434.9,Digital,High,None,None,1,3,13,1
134,22 TG505 AU,439.9,434.9,Digital,High,None,None,1,3,15,1
135,22 TG3800 AU+,439.9,434.9,Digital,High,None,None,1,3,17,2
136,22 TG3801 ACT,439.9,434.9,Digital,High,None,None,1,3,18,2
137,22 TG3802 NSW,439.9,434.9,Digital,High,None,None,1,3,19,2
138,22 Ref Discnct,439.9,434.9,Digital,High,None,None,1,3,26,1
139,22 Rep Status,439.9,434.9,Digital,High,None,None,1,3,27,1
140,23 VK2RYS Scan,438.0125,433.0125,Digital,High,None,None,1,3,1,1
141,23 TG1 WW,438.0125,433.0125,Digital,High,None,None,1,3,2,1
142,23 TG5 VK Bcast,438.0125,433.0125,Digital,High,None,None,1,3,3,1
143,23 TG8 S1,438.0125,433.0125,Digital,High,None,None,1,3,4,1
144,23 TG9 S1 Loc,438.0125,433.0125,Digital,High,None,None,1,3,5,1
145,23 TG13 WWE,438.0125,433.0125,Digital,High,None,None,1,3,6,1
146,23 TG113 UA E1,438.0125,433.0125,Digital,High,None,None,1,3,9,1
147,23 TG123 UA E2,438.0125,433.0125,Digital,High,None,None,1,3,10,1
148,23 TG133 +USA,438.0125,433.0125,Digital,High,None,None,1,3,11,1
149,23 TG143 +UK,438.0125,433.0125,Digital,High,None,None,1,3,12,1
150,23 TG153 SthPac,438.0125,433.0125,Digital,High,None,None,1,3,13,1
151,23 TG505 AU,438.0125,433.0125,Digital,High,None,None,1,3,15,1
152,23 TG3800 AU+,438.0125,433.0125,Digital,High,None,None,1,3,17,2
153,23 TG3801 ACT,438.0125,433.0125,Digital,High,None,None,1,3,18,2
154,23 TG3802 NSW,438.0125,433.0125,Digital,High,None,None,1,3,19,2
155,23 Ref Discnct,438.0125,433.0125,Digital,High,None,None,1,3,26,1
156,23 Rep Status,438.0125,433.0125,Digital,High,None,None,1,3,27,1
157,24 VK2RCG Scan,439.5,434.5,Digital,High,None,None,1,3,1,1
158,24 TG1 WW,439.5,434.5,Digital,High,None,None,1,3,2,1
159,24 TG5 VK Bcast,439.5,434.5,Digital,High,None,None,1,3,3,1
160,24 TG8 S1,439.5,434.5,Digital,High,None,None,1,3,4,1
161,24 TG9 S1 Loc,439.5,434.5,Digital,High,None,None,1,3,5,1
162,24 TG13 WWE,439.5,434.5,Digital,High,None,None,1,3,6,1
163,24 TG113 UA E1,439.5,434.5,Digital,High,None,None,1,3,9,1
164,24 TG123 UA E2,439.5,434.5,Digital,High,None,None,1,3,10,1
165,24 TG133 +USA,439.5,434.5,Digital,High,None,None,1,3,11,1
166,24 TG143 +UK,439.5,434.5,Digital,High,None,None,1,3,12,1
167,24 TG153 SthPac,439.5,434.5,Digital,High,None,None,1,3,13,1
168,24 TG505 AU,439.5,434.5,Digital,High,None,None,1,3,15,1
169,24 TG3800 AU+,439.5,434.5,Digital,High,None,None,1,3,17,2
170,24 TG3801 ACT,439.5,434.5,Digital,High,None,None,1,3,18,2
171,24 TG3802 NSW,439.5,434.5,Digital,High,None,None,1,3,19,2
172,24 Ref Discnct,439.5,434.5,Digital,High,None,None,1,3,26,1
173,24 Rep Status,439.5,434.5,Digital,High,None,None,1,3,27,1
174,25 VK2RRW Scan,438.1,433.1,Digital,High,None,None,1,3,1,1
175,25 TG1 WW,438.1,433.1,Digital,High,None,None,1,3,2,1
176,25 TG5 VK Bcast,438.1,433.1,Digital,High,None,None,1,3,3,1
177,25 TG8 S1,438.1,433.1,Digital,High,None,None,1,3,4,1
178,25 TG9 S1 Loc,438.1,433.1,Digital,High,None,None,1,3,5,1
179,25 TG13 WWE,438.1,433.1,Digital,High,None,None,1,3,6,1
180,25 TG113 UA E1,438.1,433.1,Digital,High,None,None,1,3,9,1
181,25 TG123 UA E2,438.1,433.1,Digital,High,None,None,1,3,10,1
182,25 TG133 +USA,438.1,433.1,Digital,High,None,None,1,3,11,1
183,25 TG143 +UK,438.1,433.1,Digital,High,None,None,1,3,12,1
184,25 TG153 SthPac,438.1,433.1,Digital,High,None,None,1,3,13,1
185,25 TG505 AU,438.1,433.1,Digital,High,None,None,1,3,15,1
186,25 TG3800 AU+,438.1,433.1,Digital,High,None,None,1,3,17,2
187,25 TG3801 ACT,438.1,433.1,Digital,High,None,None,1,3,18,2
188,25 TG3802 NSW,438.1,433.1,Digital,High,None,None,1,3,19,2
189,25 Ref Discnct,438.1,433.1,Digital,High,None,None,1,3,26,1
190,25 Rep Status,438.1,433.1,Digital,High,None,None,1,3,27,1
191,26 VK2RLE Scan,438.425,433.425,Digital,High,None,None,1,3,1,1
192,26 TG1 WW,438.425,433.425,Digital,High,None,None,1,3,2,1
193,26 TG5 VK Bcast,438.425,433.425,Digital,High,None,None,1,3,3,1
194,26 TG8 S1,438.425,433.425,Digital,High,None,None,1,3,4,1
195,26 TG9 S1 Loc,438.425,433.425,Digital,High,None,None,1,3,5,1
196,26 TG13 WWE,438.425,433.425,Digital,High,None,None,1,3,6,1
197,26 TG113 UA E1,438.425,433.425,Digital,High,None,None,1,3,9,1
198,26 TG123 UA E2,438.425,433.425,Digital,High,None,None,1,3,10,1
199,26 TG133 +USA,438.425,433.425,Digital,High,None,None,1,3,11,1
200,26 TG143 +UK,438.425,433.425,Digital,High,None,None,1,3,12,1
201,26 TG153 SthPac,438.425,433.425,Digital,High,None,None,1,3,13,1
202,26 TG505 AU,438.425,433.425,Digital,High,None,None,1,3,15,1
203,26 TG3800 AU+,438.425,433.425,Digital,High,None,None,1,3,17,2
204,26 TG3801 ACT,438.425,433.425,Digital,High,None,None,1,3,18,2
205,26 TG3802 NSW,438.425,433.425,Digital,High,None,None,1,3,19,2
206,26 Ref Discnct,438.425,433.425,Digital,High,None,None,1,3,26,1
207,26 Rep Status,438.425,433.425,Digital,High,None,None,1,3,27,1
208,27 VK2RHT Scan,438.35,432.95,Digital,High,None,None,1,3,1,1
209,27 TG1 WW,438.35,432.95,Digital,High,None,None,1,3,2,1
210,27 TG5 VK Bcast,438.35,432.95,Digital,High,None,None,1,3,3,1
211,27 TG8 S1,438.35,432.95,Digital,High,None,None,1,3,4,1
212,27 TG9 S1 Loc,438.35,432.95,Digital,High,None,None,1,3,5,1
213,27 TG13 WWE,438.35,432.95,Digital,High,None,None,1,3,6,1
214,27 TG113 UA E1,438.35,432.95,Digital,High,None,None,1,3,9,1
215,27 TG123 UA E2,438.35,432.95,Digital,High,None,None,1,3,10,1
216,27 TG133 +USA,438.35,432.95,Digital,High,None,None,1,3,11,1
217,27 TG143 +UK,438.35,432.95,Digital,High,None,None,1,3,12,1
218,27 TG153 SthPac,438.35,432.95,Digital,High,None,None,1,3,13,1
219,27 TG505 AU,438.35,432.95,Digital,High,None,None,1,3,15,1
220,27 TG3800 AU+,438.35,432.95,Digital,High,None,None,1,3,17,2
221,27 TG3801 ACT,438.35,432.95,Digital,High,None,None,1,3,18,2
222,27 TG3802 NSW,438.35,432.95,Digital,High,None,None,1,3,19,2
223,27 Ref Discnct,438.35,432.95,Digital,High,None,None,1,3,26,1
224,27 Rep Status,438.35,432.95,Digital,High,None,None,1,3,27,1
225,28 VK2RAO Scan,438.725,433.725,Digital,High,None,None,1,3,1,1
226,28 TG1 WW,438.725,433.725,Digital,High,None,None,1,3,2,1
227,28 TG5 VK Bcast,438.725,433.725,Digital,High,None,None,1,3,3,1
228,28 TG8 S1,438.725,433.725,Digital,High,None,None,1,3,4,1
229,28 TG9 S1 Loc,438.725,433.725,Digital,High,None,None,1,3,5,1
230,28 TG13 WWE,438.725,433.725,Digital,High,None,None,1,3,6,1
231,28 TG113 UA E1,438.725,433.725,Digital,High,None,None,1,3,9,1
232,28 TG123 UA E2,438.725,433.725,Digital,High,None,None,1,3,10,1
233,28 TG133 +USA,438.725,433.725,Digital,High,None,None,1,3,11,1
234,28 TG143 +UK,438.725,433.725,Digital,High,None,None,1,3,12,1
235,28 TG153 SthPac,438.725,433.725,Digital,High,None,None,1,3,13,1
236,28 TG505 AU,438.725,433.725,Digital,High,None,None,1,3,15,1
237,28 TG3800 AU+,438.725,433.725,Digital,High,None,None,1,3,17,2
238,28 TG3801 ACT,438.725,433.725,Digital,High,None,None,1,3,18,2
239,28 TG3802 NSW,438.725,433.725,Digital,High,None,None,1,3,19,2
240,28 Ref Discnct,438.725,433.725,Digital,High,None,None,1,3,26,1
241,28 Rep Status,438.725,433.725,Digital,High,None,None,1,3,27,1
242,29 VK2RCV Scan,439.9125,434.9125,Digital,High,None,None,1,3,1,1
243,29 TG1 WW,439.9125,434.9125,Digital,High,None,None,1,3,2,1
244,29 TG5 VK Bcast,439.9125,434.9125,Digital,High,None,None,1,3,3,1
245,29 TG8 S1,439.9125,434.9125,Digital,High,None,None,1,3,4,1
246,29 TG9 S1 Loc,439.9125,434.9125,Digital,High,None,None,1,3,5,1
247,29 TG13 WWE,439.9125,434.9125,Digital,High,None,None,1,3,6,1
248,29 TG113 UA E1,439.9125,434.9125,Digital,High,None,None,1,3,9,1
249,29 TG123 UA E2,439.9125,434.9125,Digital,High,None,None,1,3,10,1
250,29 TG133 +USA,439.9125,434.9125,Digital,High,None,None,1,3,11,1
251,29 TG143 +UK,439.9125,434.9125,Digital,High,None,None,1,3,12,1
252,29 TG153 SthPac,439.9125,434.9125,Digital,High,None,None,1,3,13,1
253,29 TG505 AU,439.9125,434.9125,Digital,High,None,None,1,3,15,1
254,29 TG3800 AU+,439.9125,434.9125,Digital,High,None,None,1,3,17,2
255,29 TG3801 ACT,439.9125,434.9125,Digital,High,None,None,1,3,18,2
256,29 TG3802 NSW,439.9125,434.9125,Digital,High,None,None,1,3,19,2
257,29 Ref Discnct,439.9125,434.9125,Digital,High,None,None,1,3,26,1
258,29 Rep Status,439.9125,434.9125,Digital,High,None,None,1,3,27,1
259,2RAF TG9S2,439.925,434.925,Digital,Low,None,None,1,2,5,2
260,2RAF 505 AU,439.925,434.925,Digital,Low,None,None,1,2,15,2
261,2RAF YSF 50599,439.925,434.925,Digital,Low,None,None,1,2,37,2
262,2RAF 5051 ACT,439.925,434.925,Digital,Low,None,None,1,2,30,2
263,2RAF 5052 NSW,439.925,434.925,Digital,Low,None,None,1,2,31,2
264,2RAF BM Local,439.925,434.925,Digital,Low,None,None,1,2,38,2
265,2RAF TG91 WW,439.925,434.925,Digital,Low,None,None,1,2,39,1
266,2RAF TG913 WWE,439.925,434.925,Digital,Low,None,None,1,2,40,1
267,2RAF TG923 EU E,439.925,434.925,Digital,Low,None,None,1,2,40,1
268,2RAF TG95 PacRim,439.925,434.925,Digital,Low,None,None,1,2,42,1
269,2RAF 4000 discnt,439.925,434.925,Digital,Low,None,None,1,0,27,1
270,2RAG TG9S2,438.325,431.325,Digital,Low,None,None,1,2,5,2
271,2RAG 505 AU,439.925,434.925,Digital,Low,None,None,1,2,15,2
272,2RAG YSF 50599,439.925,434.925,Digital,Low,None,None,1,2,37,2
273,2RAG 5051 ACT,439.925,434.925,Digital,Low,None,None,1,2,30,2
274,2RAG 5052 NSW,439.925,434.925,Digital,Low,None,None,1,2,31,2
275,2RAG BM Local,439.925,434.925,Digital,Low,None,None,1,2,38,2
276,2RAG TG91 WW,439.925,434.925,Digital,Low,None,None,1,2,39,1
277,2RAG TG913 WWE,439.925,434.925,Digital,Low,None,None,1,2,40,1
278,2RAG TG923 EU E,439.925,434.925,Digital,Low,None,None,1,2,40,1
279,2RAG TG95 PacRim,439.925,434.925,Digital,Low,None,None,1,2,42,1
280,2RAG 4000 discnt,439.925,434.925,Digital,Low,None,None,1,0,27,1
281,2RCW TG9S2,439.675,434.675,Digital,Low,None,None,1,2,5,2
282,2RCW 505 AU,439.675,434.675,Digital,Low,None,None,1,2,15,2
283,2RCW YSF 50599,439.675,434.675,Digital,Low,None,None,1,2,37,2
284,2RCW 5051 ACT,439.675,434.675,Digital,Low,None,None,1,2,30,2
285,2RCW 5052 NSW,439.675,434.675,Digital,Low,None,None,1,2,31,2
286,2RCW BM Local,439.675,434.675,Digital,Low,None,None,1,2,38,2
287,2RCW TG91 WW,439.675,434.675,Digital,Low,None,None,1,2,39,1
288,2RCW TG913 WWE,439.675,434.675,Digital,Low,None,None,1,2,40,1
289,2RCW TG923 EU E,439.675,434.675,Digital,Low,None,None,1,2,40,1
290,2RCW TG95 PacRim,439.675,434.675,Digital,Low,None,None,1,2,42,1
291,2RCW 4000 discnt,439.675,434.675,Digital,Low,None,None,1,0,27,1
292,2RGN TG9S2,438.625,433.625,Digital,Low,None,None,1,2,5,2
293,2RGN 505 AU,438.625,433.625,Digital,Low,None,None,1,2,15,2
294,2RGN YSF 50599,438.625,433.625,Digital,Low,None,None,1,2,37,2
295,2RGN 5051 ACT,438.625,433.625,Digital,Low,None,None,1,2,30,2
296,2RGN 5052 NSW,438.625,433.625,Digital,Low,None,None,1,2,31,2
297,2RGN BM Local,438.625,433.625,Digital,Low,None,None,1,2,38,2
298,2RGN TG91 WW,438.625,433.625,Digital,Low,None,None,1,2,39,1
299,2RGN TG913 WWE,438.625,433.625,Digital,Low,None,None,1,2,40,1
300,2RGN TG923 EU E,438.625,433.625,Digital,Low,None,None,1,2,40,1
301,2RGN TG95 PacRim,438.625,433.625,Digital,Low,None,None,1,2,42,1
302,2RGN 4000 discnt,438.625,433.625,Digital,Low,None,None,1,0,27,1
303,2RGP TG9S2,438.7375,431.7375,Digital,Low,None,None,1,2,5,2
304,2RGP 505 AU,438.7375,431.7375,Digital,Low,None,None,1,2,15,2
305,2RGP YSF 50599,438.7375,431.7375,Digital,Low,None,None,1,2,37,2
306,2RGP 5051 ACT,438.7375,431.7375,Digital,Low,None,None,1,2,30,2
307,2RGP 5052 NSW,438.7375,431.7375,Digital,Low,None,None,1,2,31,2
308,2RGP WICEN,438.7375,431.7375,Digital,Low,None,None,1,2,43,2
309,2RGP TG91 WW,438.7375,431.7375,Digital,Low,None,None,1,2,39,1
310,2RGP TG913 WWE,438.7375,431.7375,Digital,Low,None,None,1,2,40,1
311,2RGP TG923 EU E,438.7375,431.7375,Digital,Low,None,None,1,2,40,1
312,2RGP TG95 PacRim,438.7375,431.7375,Digital,Low,None,None,1,2,42,1
313,2RGP 4000 discnt,438.7375,431.7375,Digital,Low,None,None,1,0,27,1
314,2RHK Scan,439.9125,434.9125,Digital,Low,None,None,1,2,1,2
315,2RHK1 TG9 S2,439.9125,434.9125,Digital,Low,None,None,1,2,5,2
316,2RHK1 505 AU,439.9125,434.9125,Digital,Low,None,None,1,2,15,2
317,2RHK1 YSF 50599,439.9125,434.9125,Digital,Low,None,None,1,2,37,2
318,2RHK1 5052 NSW,439.9125,434.9125,Digital,Low,None,None,1,2,31,2
319,2RHK1 BM Local,439.9125,434.9125,Digital,Low,None,None,1,2,38,2
320,2RHK1 4000 discnt,439.9125,434.9125,Digital,Low,None,None,1,0,27,1
321,2RHK1 5000 status,439.9125,434.9125,Digital,Low,None,None,1,0,28,1
322,2RHK2 TG9 S2,439.875,434.875,Digital,Low,None,None,1,2,5,2
323,2RHK2 505 AU,439.875,434.875,Digital,Low,None,None,1,2,15,2
324,2RHK2 YSF 50599,439.875,434.875,Digital,Low,None,None,1,2,37,2
325,2RHK2 5052 NSW,439.875,434.875,Digital,Low,None,None,1,2,31,2
326,2RHK2 BM Local,439.875,434.875,Digital,Low,None,None,1,2,38,2
327,2RHK2 4000 discnt,439.875,434.875,Digital,Low,None,None,1,0,27,1
328,2RHK2 5000 status,439.875,434.875,Digital,Low,None,None,1,0,28,1
329,2RHX TG9S2,438.75,431.75,Digital,Low,None,None,1,2,5,2
330,2RHX 505 AU,438.75,431.75,Digital,Low,None,None,1,2,15,2
331,2RHX YSF 50599,438.75,431.75,Digital,Low,None,None,1,2,37,2
332,2RHX 5051 ACT,438.75,431.75,Digital,Low,None,None,1,2,30,2
333,2RHX 5052 NSW,438.75,431.75,Digital,Low,None,None,1,2,31,2
334,2RHX BM Local,438.75,431.75,Digital,Low,None,None,1,2,38,2
335,2RHX TG91 WW,438.75,431.75,Digital,Low,None,None,1,2,39,1
336,2RHX TG913 WWE,438.75,431.75,Digital,Low,None,None,1,2,40,1
337,2RHX TG923 EU E,438.75,431.75,Digital,Low,None,None,1,2,40,1
338,2RHX TG95 PacRim,438.75,431.75,Digital,Low,None,None,1,2,42,1
339,2RHX 4000 discnt,438.75,431.75,Digital,Low,None,None,1,0,27,1
340,2RMP TG9S2,438.725,433.725,Digital,Low,None,None,1,2,5,2
341,2RMP 505 AU,438.725,433.725,Digital,Low,None,None,1,2,15,2
342,2RMP YSF 50599,438.725,433.725,Digital,Low,None,None,1,2,37,2
343,2RMP 5051 ACT,438.725,433.725,Digital,Low,None,None,1,2,30,2
344,2RMP 5052 NSW,438.725,433.725,Digital,Low,None,None,1,2,31,2
345,2RMP BM Local,438.725,433.725,Digital,Low,None,None,1,2,38,2
346,2RMP TG91 WW,438.725,433.725,Digital,Low,None,None,1,2,39,1
347,2RMP TG913 WWE,438.725,433.725,Digital,Low,None,None,1,2,40,1
348,2RMP TG923 EU E,438.725,433.725,Digital,Low,None,None,1,2,40,1
349,2RMP TG95 PacRim,438.725,433.725,Digital,Low,None,None,1,2,42,1
350,2RMP 4000 discnt,438.725,433.725,Digital,Low,None,None,1,0,27,1
351,2AMV TG9S2,439.7,434.7,Digital,Low,None,None,1,2,5,2
352,2AMV TG8 S2,439.7,434.7,Digital,Low,None,None,1,2,4,2
353,2AMV 505 AU,439.7,434.7,Digital,Low,None,None,1,2,15,2
354,2AMV YSF 50599,439.7,434.7,Digital,Low,None,None,1,2,37,2
355,2AMV 5052 NSW,439.7,434.7,Digital,Low,None,None,1,2,31,2
356,2AMV BM Local,439.7,434.7,Digital,Low,None,None,1,2,38,2
357,2AMV TG91 WW,439.7,434.7,Digital,Low,None,None,1,2,39,1
358,2AMV TG913 WWE,439.7,434.7,Digital,Low,None,None,1,2,40,1
359,2AMV TG923 EU E,439.7,434.7,Digital,Low,None,None,1,2,40,1
360,2AMV TG95 PacRim,439.7,434.7,Digital,Low,None,None,1,2,42,1
361,2AMV 4000 discnt,439.7,434.7,Digital,Low,None,None,1,0,27,1
362,2GG TG9S2,438.475,431.475,Digital,Low,None,None,1,2,5,2
363,2GG TG8 S2,438.475,431.475,Digital,Low,None,None,1,2,4,2
364,2GG 505 AU,438.475,431.475,Digital,Low,None,None,1,2,15,2
365,2GG YSF 50599,438.475,431.475,Digital,Low,None,None,1,2,37,2
366,2GG 5052 NSW,438.475,431.475,Digital,Low,None,None,1,2,31,2
367,2GG BM Local,438.475,431.475,Digital,Low,None,None,1,2,38,2
368,2GG TG91 WW,438.475,431.475,Digital,Low,None,None,1,2,39,1
369,2GG TG913 WWE,438.475,431.475,Digital,Low,None,None,1,2,40,1
370,2GG TG923 EU E,438.475,431.475,Digital,Low,None,None,1,2,40,1
371,2GG TG95 PacRim,438.475,431.475,Digital,Low,None,None,1,2,42,1
372,2GG 4000 discnt,438.475,431.475,Digital,Low,None,None,1,0,27,1
373,2JDS TG9S2,439.725,434.725,Digital,Low,None,None,1,2,5,2
374,2JDS TG8 S2,439.725,434.725,Digital,Low,None,None,1,2,4,2
375,2JDS 505 AU,439.725,434.725,Digital,Low,None,None,1,2,15,2
376,2JDS YSF 50599,439.725,434.725,Digital,Low,None,None,1,2,37,2
377,2JDS 5052 NSW,439.725,434.725,Digital,Low,None,None,1,2,31,2
378,2JDS BM Local,439.725,434.725,Digital,Low,None,None,1,2,38,2
379,2JDS TG91 WW,439.725,434.725,Digital,Low,None,None,1,2,39,1
380,2JDS TG913 WWE,439.725,434.725,Digital,Low,None,None,1,2,40,1
381,2JDS TG923 EU E,439.725,434.725,Digital,Low,None,None,1,2,40,1
382,2JDS TG95 PacRim,439.725,434.725,Digital,Low,None,None,1,2,42,1
383,2JDS 4000 discnt,439.725,434.725,Digital,Low,None,None,1,0,27,1
384,30 VK3RSU Scan,438.1,432.7,Digital,High,None,None,1,3,1,1
385,30 TG1 WW,438.1,432.7,Digital,High,None,None,1,3,2,1
386,30 TG5 VK Bcast,438.1,432.7,Digital,High,None,None,1,3,3,1
387,30 TG8 S1,438.1,432.7,Digital,High,None,None,1,3,4,1
388,30 TG9 S1 Loc,438.1,432.7,Digital,High,None,None,1,3,5,1
389,30 TG13 WWE,438.1,432.7,Digital,High,None,None,1,3,6,1
390,30 TG113 UA E1,438.1,432.7,Digital,High,None,None,1,3,9,1
391,30 TG123 UA E2,438.1,432.7,Digital,High,None,None,1,3,10,1
392,30 TG133 +USA,438.1,432.7,Digital,High,None,None,1,3,11,1
393,30 TG143 +UK,438.1,432.7,Digital,High,None,None,1,3,12,1
394,30 TG153 SthPac,438.1,432.7,Digital,High,None,None,1,3,13,1
395,30 TG505 AU,438.1,432.7,Digital,High,None,None,1,3,15,1
396,30 TG3800 AU+,438.1,432.7,Digital,High,None,None,1,3,17,2
397,30 TG3803 Vic,438.1,432.7,Digital,High,None,None,1,3,20,2
398,30 Ref Discnct,438.1,432.7,Digital,High,None,None,1,3,26,1
399,30 Rep Status,438.1,432.7,Digital,High,None,None,1,3,27,1
400,31 VK3RTE Scan,438.9125,431.9125,Digital,High,None,None,1,3,1,1
401,31 TG1 WW,438.9125,431.9125,Digital,High,None,None,1,3,2,1
402,31 TG5 VK Bcast,438.9125,431.9125,Digital,High,None,None,1,3,3,1
403,31 TG8 S1,438.9125,431.9125,Digital,High,None,None,1,3,4,1
404,31 TG9 S1 Loc,438.9125,431.9125,Digital,High,None,None,1,3,5,1
405,31 TG13 WWE,438.9125,431.9125,Digital,High,None,None,1,3,6,1
406,31 TG113 UA E1,438.9125,431.9125,Digital,High,None,None,1,3,9,1
407,31 TG123 UA E2,438.9125,431.9125,Digital,High,None,None,1,3,10,1
408,31 TG133 +USA,438.9125,431.9125,Digital,High,None,None,1,3,11,1
409,31 TG143 +UK,438.9125,431.9125,Digital,High,None,None,1,3,12,1
410,31 TG153 SthPac,438.9125,431.9125,Digital,High,None,None,1,3,13,1
411,31 TG505 AU,438.9125,431.9125,Digital,High,None,None,1,3,15,1
412,31 TG3800 AU+,438.9125,431.9125,Digital,High,None,None,1,3,17,2
413,31 TG3803 Vic,438.9125,431.9125,Digital,High,None,None,1,3,20,2
414,31 Ref Discnct,438.9125,431.9125,Digital,High,None,None,1,3,26,1
415,31 Rep Status,438.9125,431.9125,Digital,High,None,None,1,3,27,1
416,32 VK3RZU Scan,439.675,434.675,Digital,High,None,None,1,3,1,1
417,32 TG1 WW,439.675,434.675,Digital,High,None,None,1,3,2,1
418,32 TG5 VK Bcast,439.675,434.675,Digital,High,None,None,1,3,3,1
419,32 TG8 S1,439.675,434.675,Digital,High,None,None,1,3,4,1
420,32 TG9 S1 Loc,439.675,434.675,Digital,High,None,None,1,3,5,1
421,32 TG13 WWE,439.675,434.675,Digital,High,None,None,1,3,6,1
422,32 TG113 UA E1,439.675,434.675,Digital,High,None,None,1,3,9,1
423,32 TG123 UA E2,439.675,434.675,Digital,High,None,None,1,3,10,1
424,32 TG133 +USA,439.675,434.675,Digital,High,None,None,1,3,11,1
425,32 TG143 +UK,439.675,434.675,Digital,High,None,None,1,3,12,1
426,32 TG153 SthPac,439.675,434.675,Digital,High,None,None,1,3,13,1
427,32 TG505 AU,439.675,434.675,Digital,High,None,None,1,3,15,1
428,32 TG3800 AU+,439.675,434.675,Digital,High,None,None,1,3,17,2
429,32 TG3803 Vic,439.675,434.675,Digital,High,None,None,1,3,20,2
430,32 Ref Discnct,439.675,434.675,Digital,High,None,None,1,3,26,1
431,32 Rep Status,439.675,434.675,Digital,High,None,None,1,3,27,1
432,33 VK3RMC Scan,438.375,434.375,Digital,High,None,None,1,3,1,1
433,33 TG1 WW,438.375,434.375,Digital,High,None,None,1,3,2,1
434,33 TG5 VK Bcast,438.375,434.375,Digital,High,None,None,1,3,3,1
435,33 TG8 S1,438.375,434.375,Digital,High,None,None,1,3,4,1
436,33 TG9 S1 Loc,438.375,434.375,Digital,High,None,None,1,3,5,1
437,33 TG13 WWE,438.375,434.375,Digital,High,None,None,1,3,6,1
438,33 TG113 UA E1,438.375,434.375,Digital,High,None,None,1,3,9,1
439,33 TG123 UA E2,438.375,434.375,Digital,High,None,None,1,3,10,1
440,33 TG133 +USA,438.375,434.375,Digital,High,None,None,1,3,11,1
441,33 TG143 +UK,438.375,434.375,Digital,High,None,None,1,3,12,1
442,33 TG153 SthPac,438.375,434.375,Digital,High,None,None,1,3,13,1
443,33 TG505 AU,438.375,434.375,Digital,High,None,None,1,3,15,1
444,33 TG3800 AU+,438.375,434.375,Digital,High,None,None,1,3,17,2
445,33 TG3803 Vic,438.375,434.375,Digital,High,None,None,1,3,20,2
446,33 Ref Discnct,438.375,434.375,Digital,High,None,None,1,3,26,1
447,33 Rep Status,438.375,434.375,Digital,High,None,None,1,3,27,1
448,34 VK3RMM Scan,439.825,434.825,Digital,High,None,None,1,3,1,1
449,34 TG1 WW,439.825,434.825,Digital,High,None,None,1,3,2,1
450,34 TG5 VK Bcast,439.825,434.825,Digital,High,None,None,1,3,3,1
451,34 TG8 S1,439.825,434.825,Digital,High,None,None,1,3,4,1
452,34 TG9 S1 Loc,439.825,434.825,Digital,High,None,None,1,3,5,1
453,34 TG13 WWE,439.825,434.825,Digital,High,None,None,1,3,6,1
454,34 TG113 UA E1,439.825,434.825,Digital,High,None,None,1,3,9,1
455,34 TG123 UA E2,439.825,434.825,Digital,High,None,None,1,3,10,1
456,34 TG133 +USA,439.825,434.825,Digital,High,None,None,1,3,11,1
457,34 TG143 +UK,439.825,434.825,Digital,High,None,None,1,3,12,1
458,34 TG153 SthPac,439.825,434.825,Digital,High,None,None,1,3,13,1
459,34 TG505 AU,439.825,434.825,Digital,High,None,None,1,3,15,1
460,34 TG3800 AU+,439.825,434.825,Digital,High,None,None,1,3,17,2
461,34 TG3803 Vic,439.825,434.825,Digital,High,None,None,1,3,20,2
462,34 Ref Discnct,439.825,434.825,Digital,High,None,None,1,3,26,1
463,34 Rep Status,439.825,434.825,Digital,High,None,None,1,3,27,1
464,35 VK3RPT Scan,439.525,434.525,Digital,High,None,None,1,3,1,1
465,35 TG1 WW,439.525,434.525,Digital,High,None,None,1,3,2,1
466,35 TG5 VK Bcast,439.525,434.525,Digital,High,None,None,1,3,3,1
467,35 TG8 S1,439.525,434.525,Digital,High,None,None,1,3,4,1
468,35 TG9 S1 Loc,439.525,434.525,Digital,High,None,None,1,3,5,1
469,35 TG13 WWE,439.525,434.525,Digital,High,None,None,1,3,6,1
470,35 TG113 UA E1,439.525,434.525,Digital,High,None,None,1,3,9,1
471,35 TG123 UA E2,439.525,434.525,Digital,High,None,None,1,3,10,1
472,35 TG133 +USA,439.525,434.525,Digital,High,None,None,1,3,11,1
473,35 TG143 +UK,439.525,434.525,Digital,High,None,None,1,3,12,1
474,35 TG153 SthPac,439.525,434.525,Digital,High,None,None,1,3,13,1
475,35 TG505 AU,439.525,434.525,Digital,High,None,None,1,3,15,1
476,35 TG3800 AU+,439.525,434.525,Digital,High,None,None,1,3,17,2
477,35 TG3803 Vic,439.525,434.525,Digital,High,None,None,1,3,20,2
478,35 Ref Discnct,439.525,434.525,Digital,High,None,None,1,3,26,1
479,35 Rep Status,439.525,434.525,Digital,High,None,None,1,3,27,1
480,36 VK3RGL Scan,439.5,434.5,Digital,High,None,None,1,3,1,1
481,36 TG1 WW,439.5,434.5,Digital,High,None,None,1,3,2,1
482,36 TG5 VK Bcast,439.5,434.5,Digital,High,None,None,1,3,3,1
483,36 TG8 S1,439.5,434.5,Digital,High,None,None,1,3,4,1
484,36 TG9 S1 Loc,439.5,434.5,Digital,High,None,None,1,3,5,1
485,36 TG13 WWE,439.5,434.5,Digital,High,None,None,1,3,6,1
486,36 TG113 UA E1,439.5,434.5,Digital,High,None,None,1,3,9,1
487,36 TG123 UA E2,439.5,434.5,Digital,High,None,None,1,3,10,1
488,36 TG133 +USA,439.5,434.5,Digital,High,None,None,1,3,11,1
489,36 TG143 +UK,439.5,434.5,Digital,High,None,None,1,3,12,1
490,36 TG153 SthPac,439.5,434.5,Digital,High,None,None,1,3,13,1
491,36 TG505 AU,439.5,434.5,Digital,High,None,None,1,3,15,1
492,36 TG3800 AU+,439.5,434.5,Digital,High,None,None,1,3,17,2
493,36 TG3803 Vic,439.5,434.5,Digital,High,None,None,1,3,20,2
494,36 Ref Discnct,439.5,434.5,Digital,High,None,None,1,3,26,1
495,36 Rep Status,439.5,434.5,Digital,High,None,None,1,3,27,1
496,37 VK3RPS Scan,439.725,434.725,Digital,High,None,None,1,3,1,1
497,37 TG1 WW,439.725,434.725,Digital,High,None,None,1,3,2,1
498,37 TG5 VK Bcast,439.725,434.725,Digital,High,None,None,1,3,3,1
499,37 TG8 S1,439.725,434.725,Digital,High,None,None,1,3,4,1
500,37 TG9 S1 Loc,439.725,434.725,Digital,High,None,None,1,3,5,1
501,37 TG13 WWE,439.725,434.725,Digital,High,None,None,1,3,6,1
502,37 TG113 UA E1,439.725,434.725,Digital,High,None,None,1,3,9,1
503,37 TG123 UA E2,439.725,434.725,Digital,High,None,None,1,3,10,1
504,37 TG133 +USA,439.725,434.725,Digital,High,None,None,1,3,11,1
505,37 TG143 +UK,439.725,434.725,Digital,High,None,None,1,3,12,1
506,37 TG153 SthPac,439.725,434.725,Digital,High,None,None,1,3,13,1
507,37 TG505 AU,439.725,434.725,Digital,High,None,None,1,3,15,1
508,37 TG3800 AU+,439.725,434.725,Digital,High,None,None,1,3,17,2
509,37 TG3803 Vic,439.725,434.725,Digital,High,None,None,1,3,20,2
510,37 Ref Discnct,439.725,434.725,Digital,High,None,None,1,3,26,1
511,37 Rep Status,439.725,434.725,Digital,High,None,None,1,3,27,1
512,38 VK3RBQ Scan,147.2,147.8,Digital,High,None,None,1,3,1,1
513,30 TG1 WW,147.2,147.8,Digital,High,None,None,1,3,2,1
514,38 TG5 VK Bcast,147.2,147.8,Digital,High,None,None,1,3,3,1
515,38 TG8 S1,147.2,147.8,Digital,High,None,None,1,3,4,1
516,38 TG9 S1 Loc,147.2,147.8,Digital,High,None,None,1,3,5,1
517,38 TG13 WWE,147.2,147.8,Digital,High,None,None,1,3,6,1
518,38 TG113 UA E1,147.2,147.8,Digital,High,None,None,1,3,9,1
519,38 TG123 UA E2,147.2,147.8,Digital,High,None,None,1,3,10,1
520,38 TG133 +USA,147.2,147.8,Digital,High,None,None,1,3,11,1
521,38 TG143 +UK,147.2,147.8,Digital,High,None,None,1,3,12,1
522,38 TG153 SthPac,147.2,147.8,Digital,High,None,None,1,3,13,1
523,38 TG505 AU,147.2,147.8,Digital,High,None,None,1,3,15,1
524,38 TG3800 AU+,147.2,147.8,Digital,High,None,None,1,3,17,2
525,38 TG3803 Vic,147.2,147.8,Digital,High,None,None,1,3,20,2
526,38 Ref Discnct,147.2,147.8,Digital,High,None,None,1,3,26,1
527,38 Rep Status,147.2,147.8,Digital,High,None,None,1,3,27,1
528,3AS TG9 S2,438.325,431.325,Digital,Low,None,None,1,2,5,2
529,3AS TG8 S2,438.325,431.325,Digital,Low,None,None,1,2,4,2
530,3AS 505 AU,438.325,431.325,Digital,Low,None,None,1,2,15,2
531,3AS 5053 Vic,438.325,431.325,Digital,Low,None,None,1,2,32,2
532,3AS BM Local,438.325,431.325,Digital,Low,None,None,1,2,38,2
533,3AS 4000 discnt,438.325,431.325,Digital,Low,None,None,1,0,27,1
534,3AS 5000 status,438.325,431.325,Digital,Low,None,None,1,0,28,1
535,3IMA TG9 S2,438.775,433.775,Digital,Low,None,None,1,2,5,2
536,3IMA TG8 S2,438.775,433.775,Digital,Low,None,None,1,2,4,2
537,3IMA 505 AU,438.775,433.775,Digital,Low,None,None,1,2,15,2
538,3IMA YSF 50599,438.775,433.775,Digital,Low,None,None,1,2,37,2
539,3IMA 5053 Vic,438.775,433.775,Digital,Low,None,None,1,2,32,2
540,3IMA BM Local,438.775,433.775,Digital,Low,None,None,1,2,38,2
541,3IMA 4000 discnt,438.775,433.775,Digital,Low,None,None,1,0,27,1
542,3IMA 5000 status,438.775,433.775,Digital,Low,None,None,1,0,28,1
543,3SMC TG9 S2,438.25,432.85,Digital,Low,None,None,1,2,5,2
544,3SMC TG8 S2,438.25,432.85,Digital,Low,None,None,1,2,4,2
545,3SMC 505 AU,438.25,432.85,Digital,Low,None,None,1,2,15,2
546,3SMC YSF 50599,438.25,432.85,Digital,Low,None,None,1,2,37,2
547,3SMC 5053 Vic,438.25,432.85,Digital,Low,None,None,1,2,32,2
548,3SMC BM Local,438.25,432.85,Digital,Low,None,None,1,2,38,2
549,3SMC 4000 discnt,438.25,432.85,Digital,Low,None,None,1,0,27,1
550,3SMC 5000 status,438.25,432.85,Digital,Low,None,None,1,0,28,1
551,3RBA TG9 S2,439.9875,434.9875,Digital,Low,None,None,1,2,5,2
552,3RBA TG8 S2,439.9875,434.9875,Digital,Low,None,None,1,2,4,2
553,3RBA 505 AU,439.9875,434.9875,Digital,Low,None,None,1,2,15,2
554,3RBA YSF 50599,439.9875,434.9875,Digital,Low,None,None,1,2,37,2
555,3RBA 5053 Vic,439.9875,434.9875,Digital,Low,None,None,1,2,32,2
556,3RBA BM Local,439.9875,434.9875,Digital,Low,None,None,1,2,38,2
557,3RBA 4000 discnt,439.9875,434.9875,Digital,Low,None,None,1,0,27,1
558,3RBA 5000 status,439.9875,434.9875,Digital,Low,None,None,1,0,28,1
559,40 VK4RGX Scan,438.8125,431.8125,Digital,High,None,None,1,3,1,1
560,40 TG1 WW,438.8125,431.8125,Digital,High,None,None,1,3,2,1
561,40 TG5 VK Bcast,438.8125,431.8125,Digital,High,None,None,1,3,3,1
562,40 TG8 S1,438.8125,431.8125,Digital,High,None,None,1,3,4,1
563,40 TG9 S1 Loc,438.8125,431.8125,Digital,High,None,None,1,3,5,1
564,40 TG13 WWE,438.8125,431.8125,Digital,High,None,None,1,3,6,1
565,40 TG113 UA E1,438.8125,431.8125,Digital,High,None,None,1,3,9,1
566,40 TG123 UA E2,438.8125,431.8125,Digital,High,None,None,1,3,10,1
567,40 TG133 +USA,438.8125,431.8125,Digital,High,None,None,1,3,11,1
568,40 TG143 +UK,438.8125,431.8125,Digital,High,None,None,1,3,12,1
569,40 TG153 SthPac,438.8125,431.8125,Digital,High,None,None,1,3,13,1
570,40 TG505 AU,438.8125,431.8125,Digital,High,None,None,1,3,15,1
571,40 TG3800 AU+,438.8125,431.8125,Digital,High,None,None,1,3,17,2
572,40 TG3804 Qld,438.8125,431.8125,Digital,High,None,None,1,3,21,2
573,40 Ref Discnct,438.8125,431.8125,Digital,High,None,None,1,3,26,1
574,40 Rep Status,438.8125,431.8125,Digital,High,None,None,1,3,27,1
575,41 VK4RMC Scan,439.975,434.975,Digital,High,None,None,1,3,1,1
576,41 TG1 WW,439.975,434.975,Digital,High,None,None,1,3,2,1
577,41 TG5 VK Bcast,439.975,434.975,Digital,High,None,None,1,3,3,1
578,41 TG8 S1,439.975,434.975,Digital,High,None,None,1,3,4,1
579,41 TG9 S1 Loc,439.975,434.975,Digital,High,None,None,1,3,5,1
580,41 TG13 WWE,439.975,434.975,Digital,High,None,None,1,3,6,1
581,41 TG113 UA E1,439.975,434.975,Digital,High,None,None,1,3,9,1
582,41 TG123 UA E2,439.975,434.975,Digital,High,None,None,1,3,10,1
583,41 TG133 +USA,439.975,434.975,Digital,High,None,None,1,3,11,1
584,41 TG143 +UK,439.975,434.975,Digital,High,None,None,1,3,12,1
585,41 TG153 SthPac,439.975,434.975,Digital,High,None,None,1,3,13,1
586,41 TG505 AU,439.975,434.975,Digital,High,None,None,1,3,15,1
587,41 TG3800 AU+,439.975,434.975,Digital,High,None,None,1,3,17,2
588,41 TG3804 Qld,439.975,434.975,Digital,High,None,None,1,3,21,2
589,41 Ref Discnct,439.975,434.975,Digital,High,None,None,1,3,26,1
590,41 Rep Status,439.975,434.975,Digital,High,None,None,1,3,27,1
591,42 VK4RTQ Scan,439.4875,434.4875,Digital,High,None,None,1,3,1,1
592,42 TG1 WW,439.4875,434.4875,Digital,High,None,None,1,3,2,1
593,42 TG5 VK Bcast,439.4875,434.4875,Digital,High,None,None,1,3,3,1
594,42 TG8 S1,439.4875,434.4875,Digital,High,None,None,1,3,4,1
595,42 TG9 S1 Loc,439.4875,434.4875,Digital,High,None,None,1,3,5,1
596,42 TG13 WWE,439.4875,434.4875,Digital,High,None,None,1,3,6,1
597,42 TG113 UA E1,439.4875,434.4875,Digital,High,None,None,1,3,9,1
598,42 TG123 UA E2,439.4875,434.4875,Digital,High,None,None,1,3,10,1
599,42 TG133 +USA,439.4875,434.4875,Digital,High,None,None,1,3,11,1
600,42 TG143 +UK,439.4875,434.4875,Digital,High,None,None,1,3,12,1
601,42 TG153 SthPac,439.4875,434.4875,Digital,High,None,None,1,3,13,1
602,42 TG505 AU,439.4875,434.4875,Digital,High,None,None,1,3,15,1
603,42 TG3800 AU+,439.4875,434.4875,Digital,High,None,None,1,3,17,2
604,42 TG3804 Qld,439.4875,434.4875,Digital,High,None,None,1,3,21,2
605,42 Ref Discnct,439.4875,434.4875,Digital,High,None,None,1,3,26,1
606,42 Rep Status,439.4875,434.4875,Digital,High,None,None,1,3,27,1
607,43 VK4RDU Scan,438.025,431.025,Digital,High,None,None,1,3,1,1
608,43 TG1 WW,438.025,431.025,Digital,High,None,None,1,3,2,1
609,43 TG5 VK Bcast,438.025,431.025,Digital,High,None,None,1,3,3,1
610,43 TG8 S1,438.025,431.025,Digital,High,None,None,1,3,4,1
611,43 TG9 S1 Loc,438.025,431.025,Digital,High,None,None,1,3,5,1
612,43 TG13 WWE,438.025,431.025,Digital,High,None,None,1,3,6,1
613,43 TG113 UA E1,438.025,431.025,Digital,High,None,None,1,3,9,1
614,43 TG123 UA E2,438.025,431.025,Digital,High,None,None,1,3,10,1
615,43 TG133 +USA,438.025,431.025,Digital,High,None,None,1,3,11,1
616,43 TG143 +UK,438.025,431.025,Digital,High,None,None,1,3,12,1
617,43 TG153 SthPac,438.025,431.025,Digital,High,None,None,1,3,13,1
618,43 TG505 AU,438.025,431.025,Digital,High,None,None,1,3,15,1
619,43 TG3800 AU+,438.025,431.025,Digital,High,None,None,1,3,17,2
620,43 TG3804 Qld,438.025,431.025,Digital,High,None,None,1,3,21,2
621,43 Ref Discnct,438.025,431.025,Digital,High,None,None,1,3,26,1
622,43 Rep Status,438.025,431.025,Digital,High,None,None,1,3,27,1
623,44 VK4REG Scan,439.9875,434.9875,Digital,High,None,None,1,3,1,1
624,44 TG1 WW,439.9875,434.9875,Digital,High,None,None,1,3,2,1
625,44 TG5 VK Bcast,439.9875,434.9875,Digital,High,None,None,1,3,3,1
626,44 TG8 S1,439.9875,434.9875,Digital,High,None,None,1,3,4,1
627,44 TG9 S1 Loc,439.9875,434.9875,Digital,High,None,None,1,3,5,1
628,44 TG13 WWE,439.9875,434.9875,Digital,High,None,None,1,3,6,1
629,44 TG113 UA E1,439.9875,434.9875,Digital,High,None,None,1,3,9,1
630,44 TG123 UA E2,439.9875,434.9875,Digital,High,None,None,1,3,10,1
631,44 TG133 +USA,439.9875,434.9875,Digital,High,None,None,1,3,11,1
632,44 TG143 +UK,439.9875,434.9875,Digital,High,None,None,1,3,12,1
633,44 TG153 SthPac,439.9875,434.9875,Digital,High,None,None,1,3,13,1
634,44 TG505 AU,439.9875,434.9875,Digital,High,None,None,1,3,15,1
635,44 TG3800 AU+,439.9875,434.9875,Digital,High,None,None,1,3,17,2
636,44 TG3804 Qld,439.9875,434.9875,Digital,High,None,None,1,3,21,2
637,44 Ref Discnct,439.9875,434.9875,Digital,High,None,None,1,3,26,1
638,44 Rep Status,439.9875,434.9875,Digital,High,None,None,1,3,27,1
639,45 VK4RBX Scan,438.8375,431.8375,Digital,High,None,None,1,3,1,1
640,45 TG1 WW,438.8375,431.8375,Digital,High,None,None,1,3,2,1
641,45 TG5 VK Bcast,438.8375,431.8375,Digital,High,None,None,1,3,3,1
642,45 TG8 S1,438.8375,431.8375,Digital,High,None,None,1,3,4,1
643,45 TG9 S1 Loc,438.8375,431.8375,Digital,High,None,None,1,3,5,1
644,45 TG13 WWE,438.8375,431.8375,Digital,High,None,None,1,3,6,1
645,45 TG113 UA E1,438.8375,431.8375,Digital,High,None,None,1,3,9,1
646,45 TG123 UA E2,438.8375,431.8375,Digital,High,None,None,1,3,10,1
647,45 TG133 +USA,438.8375,431.8375,Digital,High,None,None,1,3,11,1
648,45 TG143 +UK,438.8375,431.8375,Digital,High,None,None,1,3,12,1
649,45 TG153 SthPac,438.8375,431.8375,Digital,High,None,None,1,3,13,1
650,45 TG505 AU,438.8375,431.8375,Digital,High,None,None,1,3,15,1
651,45 TG3800 AU+,438.8375,431.8375,Digital,High,None,None,1,3,17,2
652,45 TG3804 Qld,438.8375,431.8375,Digital,High,None,None,1,3,21,2
653,45 Ref Discnct,438.8375,431.8375,Digital,High,None,None,1,3,26,1
654,45 Rep Status,438.8375,431.8375,Digital,High,None,None,1,3,27,1
655,46 VK4RNX Scan,438.8875,431.8875,Digital,High,None,None,1,3,1,1
656,46 TG1 WW,438.8875,431.8875,Digital,High,None,None,1,3,2,1
657,46 TG5 VK Bcast,438.8875,431.8875,Digital,High,None,None,1,3,3,1
658,46 TG8 S1,438.8875,431.8875,Digital,High,None,None,1,3,4,1
659,46 TG9 S1 Loc,438.8875,431.8875,Digital,High,None,None,1,3,5,1
660,46 TG13 WWE,438.8875,431.8875,Digital,High,None,None,1,3,6,1
661,46 TG113 UA E1,438.8875,431.8875,Digital,High,None,None,1,3,9,1
662,46 TG123 UA E2,438.8875,431.8875,Digital,High,None,None,1,3,10,1
663,46 TG133 +USA,438.8875,431.8875,Digital,High,None,None,1,3,11,1
664,46 TG143 +UK,438.8875,431.8875,Digital,High,None,None,1,3,12,1
665,46 TG153 SthPac,438.8875,431.8875,Digital,High,None,None,1,3,13,1
666,46 TG505 AU,438.8875,431.8875,Digital,High,None,None,1,3,15,1
667,46 TG3800 AU+,438.8875,431.8875,Digital,High,None,None,1,3,17,2
668,46 TG3804 Qld,438.8875,431.8875,Digital,High,None,None,1,3,21,2
669,46 Ref Discnct,438.8875,431.8875,Digital,High,None,None,1,3,26,1
670,46 Rep Status,438.8875,431.8875,Digital,High,None,None,1,3,27,1
671,47 VK4RBK Scan,438.925,431.925,Digital,High,None,None,1,3,1,1
672,47 TG1 WW,438.925,431.925,Digital,High,None,None,1,3,2,1
673,47 TG5 VK Bcast,438.925,431.925,Digital,High,None,None,1,3,3,1
674,47 TG8 S1,438.925,431.925,Digital,High,None,None,1,3,4,1
675,47 TG9 S1 Loc,438.925,431.925,Digital,High,None,None,1,3,5,1
676,47 TG13 WWE,438.925,431.925,Digital,High,None,None,1,3,6,1
677,47 TG113 UA E1,438.925,431.925,Digital,High,None,None,1,3,9,1
678,47 TG123 UA E2,438.925,431.925,Digital,High,None,None,1,3,10,1
679,47 TG133 +USA,438.925,431.925,Digital,High,None,None,1,3,11,1
680,47 TG143 +UK,438.925,431.925,Digital,High,None,None,1,3,12,1
681,47 TG153 SthPac,438.925,431.925,Digital,High,None,None,1,3,13,1
682,47 TG505 AU,438.925,431.925,Digital,High,None,None,1,3,15,1
683,47 TG3800 AU+,438.925,431.925,Digital,High,None,None,1,3,17,2
684,47 TG3804 Qld,438.925,431.925,Digital,High,None,None,1,3,21,2
685,47 Ref Discnct,438.925,431.925,Digital,High,None,None,1,3,26,1
686,47 Rep Status,438.925,431.925,Digital,High,None,None,1,3,27,1
687,4RBY TG9 S2,146.65,146.05,Digital,Low,None,None,1,2,5,2
688,4RBY TG8 S2,146.65,146.05,Digital,Low,None,None,1,2,4,2
689,4RBY 505 AU,146.65,146.05,Digital,Low,None,None,1,2,15,2
690,4RBY YSF 50599,146.65,146.05,Digital,Low,None,None,1,2,37,2
691,4RBY 5053 Qld,146.65,146.05,Digital,Low,None,None,1,2,32,2
692,4RBY BM Local,146.65,146.05,Digital,Low,None,None,1,2,38,2
693,4RBY 4000 discnt,146.65,146.05,Digital,Low,None,None,1,0,27,1
694,4RBY 5000 status,146.65,146.05,Digital,Low,None,None,1,0,28,1
695,4RBX TG9 S2,146.1875,146.7875,Digital,Low,None,None,1,2,5,2
696,4RBX TG8 S2,146.1875,146.7875,Digital,Low,None,None,1,2,4,2
697,4RBX 505 AU,146.1875,146.7875,Digital,Low,None,None,1,2,15,2
698,4RBX YSF 50599,146.1875,146.7875,Digital,Low,None,None,1,2,37,2
699,4RBX 5053 Qld,146.1875,146.7875,Digital,Low,None,None,1,2,32,2
700,4RBX BM Local,146.1875,146.7875,Digital,Low,None,None,1,2,38,2
701,4RBX 4000 discnt,146.1875,146.7875,Digital,Low,None,None,1,0,27,1
702,4RBX 5000 status,146.1875,146.7875,Digital,Low,None,None,1,0,28,1
703,4RCN TG9 S2,438.325,432.925,Digital,Low,None,None,1,2,5,2
704,4RCN TG8 S2,438.325,432.925,Digital,Low,None,None,1,2,4,2
705,4RCN 505 AU,438.325,432.925,Digital,Low,None,None,1,2,15,2
706,4RCN YSF 50599,438.325,432.925,Digital,Low,None,None,1,2,37,2
707,4RCN 5053 Qld,438.325,432.925,Digital,Low,None,None,1,2,32,2
708,4RCN BM Local,438.325,432.925,Digital,Low,None,None,1,2,38,2
709,4RCN 4000 discnt,438.325,432.925,Digital,Low,None,None,1,0,27,1
710,4RCN 5000 status,438.325,432.925,Digital,Low,None,None,1,0,28,1
711,4RSA TG9 S2,146.675,146.075,Digital,Low,None,None,1,2,5,2
712,4RBY TG8 S2,146.675,146.075,Digital,Low,None,None,1,2,4,2
713,4RBY 505 AU,146.675,146.075,Digital,Low,None,None,1,2,15,2
714,4RBY YSF 50599,146.675,146.075,Digital,Low,None,None,1,2,37,2
715,4RBY 5053 Qld,146.675,146.075,Digital,Low,None,None,1,2,32,2
716,4RBY BM Local,146.675,146.075,Digital,Low,None,None,1,2,38,2
717,4RBY 4000 discnt,146.675,146.075,Digital,Low,None,None,1,0,27,1
718,4RBY 5000 status,146.675,146.075,Digital,Low,None,None,1,0,28,1
719,4TCA  TG9 S2,439.75,434.75,Digital,Low,None,None,1,2,5,2
720,4TCA TG8 S2,439.75,434.75,Digital,Low,None,None,1,2,4,2
721,4TCA 505 AU,439.75,434.75,Digital,Low,None,None,1,2,15,2
722,4TCA YSF 50599,439.75,434.75,Digital,Low,None,None,1,2,37,2
723,4TCA 5053 Qld,439.75,434.75,Digital,Low,None,None,1,2,33,2
724,4TCA BM Local,439.75,434.75,Digital,Low,None,None,1,2,38,2
725,4TCA 4000 discnt,439.75,434.75,Digital,Low,None,None,1,0,27,1
726,4TCA 5000 status,439.75,434.75,Digital,Low,None,None,1,0,28,1
727,4TUX  TG9 S2,445,435,Digital,Low,None,None,1,2,5,2
728,4TUX TG8 S2,445,435,Digital,Low,None,None,1,2,4,2
729,4TUX 505 AU,445,435,Digital,Low,None,None,1,2,15,2
730,4TUX YSF 50599,445,435,Digital,Low,None,None,1,2,37,2
731,4TUX 5053 Qld,445,435,Digital,Low,None,None,1,2,33,2
732,4TUX BM Local,445,435,Digital,Low,None,None,1,2,38,2
733,4TUX 4000 discnt,445,435,Digital,Low,None,None,1,0,27,1
734,4TUX 5000 status,445,435,Digital,Low,None,None,1,0,28,1
735,50 VK5RSF Scan,438.8375,431.8375,Digital,High,None,None,1,3,1,1
736,50 TG1 WW,438.8375,431.8375,Digital,High,None,None,1,3,2,1
737,50 TG5 VK Bcast,438.8375,431.8375,Digital,High,None,None,1,3,3,1
738,50 TG8 S1,438.8375,431.8375,Digital,High,None,None,1,3,4,1
739,50 TG9 S1 Loc,438.8375,431.8375,Digital,High,None,None,1,3,5,1
740,50 TG13 WWE,438.8375,431.8375,Digital,High,None,None,1,3,6,1
741,50 TG113 UA E1,438.8375,431.8375,Digital,High,None,None,1,3,9,1
742,50 TG123 UA E2,438.8375,431.8375,Digital,High,None,None,1,3,10,1
743,50 TG133 +USA,438.8375,431.8375,Digital,High,None,None,1,3,11,1
744,50 TG143 +UK,438.8375,431.8375,Digital,High,None,None,1,3,12,1
745,50 TG153 SthPac,438.8375,431.8375,Digital,High,None,None,1,3,13,1
746,50 TG505 AU,438.8375,431.8375,Digital,High,None,None,1,3,15,1
747,50 TG3800 AU+,438.8375,431.8375,Digital,High,None,None,1,3,17,2
748,50 TG3805 SA,438.8375,431.8375,Digital,High,None,None,1,3,22,2
749,50 Ref Discnct,438.8375,431.8375,Digital,High,None,None,1,3,26,1
750,50 Rep Status,438.8375,431.8375,Digital,High,None,None,1,3,27,1
751,60 VK6RDM Scan,439.8625,434.8625,Digital,High,None,None,1,3,1,1
752,60 TG1 WW,439.8625,434.8625,Digital,High,None,None,1,3,2,1
753,60 TG5 VK Bcast,439.8625,434.8625,Digital,High,None,None,1,3,3,1
754,60 TG8 S1,439.8625,434.8625,Digital,High,None,None,1,3,4,1
755,60 TG9 S1 Loc,439.8625,434.8625,Digital,High,None,None,1,3,5,1
756,60 TG13 WWE,439.8625,434.8625,Digital,High,None,None,1,3,6,1
757,60 TG113 UA E1,439.8625,434.8625,Digital,High,None,None,1,3,9,1
758,60 TG123 UA E2,439.8625,434.8625,Digital,High,None,None,1,3,10,1
759,60 TG133 +USA,439.8625,434.8625,Digital,High,None,None,1,3,11,1
760,60 TG143 +UK,439.8625,434.8625,Digital,High,None,None,1,3,12,1
761,60 TG153 SthPac,439.8625,434.8625,Digital,High,None,None,1,3,13,1
762,60 TG505 AU,439.8625,434.8625,Digital,High,None,None,1,3,15,1
763,60 TG3800 AU+,439.8625,434.8625,Digital,High,None,None,1,3,17,2
764,60 TG3806 WA,439.8625,434.8625,Digital,High,None,None,1,3,23,2
765,60 Ref Discnct,439.8625,434.8625,Digital,High,None,None,1,3,26,1
766,60 Rep Status,439.8625,434.8625,Digital,High,None,None,1,3,27,1
767,61 VK6RLM Scan,438.525,431.525,Digital,High,None,None,1,3,1,1
768,61 TG1 WW,438.525,431.525,Digital,High,None,None,1,3,2,1
769,61 TG5 VK Bcast,438.525,431.525,Digital,High,None,None,1,3,3,1
770,61 TG8 S1,438.525,431.525,Digital,High,None,None,1,3,4,1
771,61 TG9 S1 Loc,438.525,431.525,Digital,High,None,None,1,3,5,1
772,61 TG13 WWE,438.525,431.525,Digital,High,None,None,1,3,6,1
773,61 TG113 UA E1,438.525,431.525,Digital,High,None,None,1,3,9,1
774,61 TG123 UA E2,438.525,431.525,Digital,High,None,None,1,3,10,1
775,61 TG133 +USA,438.525,431.525,Digital,High,None,None,1,3,11,1
776,61 TG143 +UK,438.525,431.525,Digital,High,None,None,1,3,12,1
777,61 TG153 SthPac,438.525,431.525,Digital,High,None,None,1,3,13,1
778,61 TG505 AU,438.525,431.525,Digital,High,None,None,1,3,15,1
779,61 TG3800 AU+,438.525,431.525,Digital,High,None,None,1,3,17,2
780,61 TG3806 WA,438.525,431.525,Digital,High,None,None,1,3,23,2
781,61 Ref Discnct,438.525,431.525,Digital,High,None,None,1,3,26,1
782,61 Rep Status,438.525,431.525,Digital,High,None,None,1,3,27,1
783,62 VK6RRR Scan,438.2,432.6,Digital,High,None,None,1,3,1,1
784,62 TG1 WW,438.2,432.6,Digital,High,None,None,1,3,2,1
785,62 TG5 VK Bcast,438.2,432.6,Digital,High,None,None,1,3,3,1
786,62 TG8 S1,438.2,432.6,Digital,High,None,None,1,3,4,1
787,62 TG9 S1 Loc,438.2,432.6,Digital,High,None,None,1,3,5,1
788,62 TG13 WWE,438.2,432.6,Digital,High,None,None,1,3,6,1
789,62 TG113 UA E1,438.2,432.6,Digital,High,None,None,1,3,9,1
790,62 TG123 UA E2,438.2,432.6,Digital,High,None,None,1,3,10,1
791,62 TG133 +USA,438.2,432.6,Digital,High,None,None,1,3,11,1
792,62 TG143 +UK,438.2,432.6,Digital,High,None,None,1,3,12,1
793,62 TG153 SthPac,438.2,432.6,Digital,High,None,None,1,3,13,1
794,62 TG505 AU,438.2,432.6,Digital,High,None,None,1,3,15,1
795,62 TG3800 AU+,438.2,432.6,Digital,High,None,None,1,3,17,2
796,62 TG3806 WA,438.2,432.6,Digital,High,None,None,1,3,23,2
797,62 Ref Discnct,438.2,432.6,Digital,High,None,None,1,3,26,1
798,62 Rep Status,438.2,432.6,Digital,High,None,None,1,3,27,1
799,63 VK6RPT Scan,438.025,433.025,Digital,High,None,None,1,3,1,1
800,63 TG1 WW,438.025,433.025,Digital,High,None,None,1,3,2,1
801,63 TG5 VK Bcast,438.025,433.025,Digital,High,None,None,1,3,3,1
802,63 TG8 S1,438.025,433.025,Digital,High,None,None,1,3,4,1
803,63 TG9 S1 Loc,438.025,433.025,Digital,High,None,None,1,3,5,1
804,63 TG13 WWE,438.025,433.025,Digital,High,None,None,1,3,6,1
805,63 TG113 UA E1,438.025,433.025,Digital,High,None,None,1,3,9,1
806,63 TG123 UA E2,438.025,433.025,Digital,High,None,None,1,3,10,1
807,63 TG133 +USA,438.025,433.025,Digital,High,None,None,1,3,11,1
808,63 TG143 +UK,438.025,433.025,Digital,High,None,None,1,3,12,1
809,63 TG153 SthPac,438.025,433.025,Digital,High,None,None,1,3,13,1
810,63 TG505 AU,438.025,433.025,Digital,High,None,None,1,3,15,1
811,63 TG3800 AU+,438.025,433.025,Digital,High,None,None,1,3,17,2
812,63 TG3806 WA,438.025,433.025,Digital,High,None,None,1,3,23,2
813,63 Ref Discnct,438.025,433.025,Digital,High,None,None,1,3,26,1
814,63 Rep Status,438.025,433.025,Digital,High,None,None,1,3,27,1
815,6RGF  TG9 S2,438.125,433.125,Digital,Low,None,None,1,2,5,2
816,6RGF TG8 S2,438.125,433.125,Digital,Low,None,None,1,2,4,2
817,6RGF 505 AU,438.125,433.125,Digital,Low,None,None,1,2,15,2
818,6RGF YSF 50599,438.125,433.125,Digital,Low,None,None,1,2,37,2
819,6RGF 5053 WA,438.125,433.125,Digital,Low,None,None,1,2,35,2
820,6RGF BM Local,438.125,433.125,Digital,Low,None,None,1,2,38,2
821,6RGF 4000 discnt,438.125,433.125,Digital,Low,None,None,1,0,27,1
822,6RGF 5000 status,438.125,433.125,Digital,Low,None,None,1,0,28,1
823,70 VK7RCR Scan,438.525,433.525,Digital,High,None,None,1,3,1,1
824,70 TG1 WW,438.525,433.525,Digital,High,None,None,1,3,2,1
825,70 TG5 VK Bcast,438.525,433.525,Digital,High,None,None,1,3,3,1
826,70 TG8 S1,438.525,433.525,Digital,High,None,None,1,3,4,1
827,70 TG9 S1 Loc,438.525,433.525,Digital,High,None,None,1,3,5,1
828,70 TG13 WWE,438.525,433.525,Digital,High,None,None,1,3,6,1
829,70 TG113 UA E1,438.525,433.525,Digital,High,None,None,1,3,9,1
830,70 TG123 UA E2,438.525,433.525,Digital,High,None,None,1,3,10,1
831,70 TG133 +USA,438.525,433.525,Digital,High,None,None,1,3,11,1
832,70 TG143 +UK,438.525,433.525,Digital,High,None,None,1,3,12,1
833,70 TG153 SthPac,438.525,433.525,Digital,High,None,None,1,3,13,1
834,70 TG505 AU,438.525,433.525,Digital,High,None,None,1,3,15,1
835,70 TG3800 AU+,438.525,433.525,Digital,High,None,None,1,3,17,2
836,70 TG3807 Tas,438.525,433.525,Digital,High,None,None,1,3,24,2
837,70 Ref Discnct,438.525,433.525,Digital,High,None,None,1,3,26,1
838,70 Rep Status,438.525,433.525,Digital,High,None,None,1,3,27,1
839,71 VK7RAA Scan,438.4125,431.4125,Digital,High,None,None,1,3,1,1
840,71 TG1 WW,438.4125,431.4125,Digital,High,None,None,1,3,2,1
841,71 TG5 VK Bcast,438.4125,431.4125,Digital,High,None,None,1,3,3,1
842,71 TG8 S1,438.4125,431.4125,Digital,High,None,None,1,3,4,1
843,71 TG9 S1 Loc,438.4125,431.4125,Digital,High,None,None,1,3,5,1
844,71 TG13 WWE,438.4125,431.4125,Digital,High,None,None,1,3,6,1
845,71 TG113 UA E1,438.4125,431.4125,Digital,High,None,None,1,3,9,1
846,71 TG123 UA E2,438.4125,431.4125,Digital,High,None,None,1,3,10,1
847,71 TG133 +USA,438.4125,431.4125,Digital,High,None,None,1,3,11,1
848,71 TG143 +UK,438.4125,431.4125,Digital,High,None,None,1,3,12,1
849,71 TG153 SthPac,438.4125,431.4125,Digital,High,None,None,1,3,13,1
850,71 TG505 AU,438.4125,431.4125,Digital,High,None,None,1,3,15,1
851,71 TG3800 AU+,438.4125,431.4125,Digital,High,None,None,1,3,17,2
852,71 TG3807 Tas,438.4125,431.4125,Digital,High,None,None,1,3,24,2
853,71 Ref Discnct,438.4125,431.4125,Digital,High,None,None,1,3,26,1
854,71 Rep Status,438.4125,431.4125,Digital,High,None,None,1,3,27,1
855,72 VK7RJD Scan,438.525,433.525,Digital,High,None,None,1,3,1,1
856,72 TG1 WW,438.525,433.525,Digital,High,None,None,1,3,2,1
857,72 TG5 VK Bcast,438.525,433.525,Digital,High,None,None,1,3,3,1
858,72 TG8 S1,438.525,433.525,Digital,High,None,None,1,3,4,1
859,72 TG9 S1 Loc,438.525,433.525,Digital,High,None,None,1,3,5,1
860,72 TG13 WWE,438.525,433.525,Digital,High,None,None,1,3,6,1
861,72 TG113 UA E1,438.525,433.525,Digital,High,None,None,1,3,9,1
862,72 TG123 UA E2,438.525,433.525,Digital,High,None,None,1,3,10,1
863,72 TG133 +USA,438.525,433.525,Digital,High,None,None,1,3,11,1
864,72 TG143 +UK,438.525,433.525,Digital,High,None,None,1,3,12,1
865,72 TG153 SthPac,438.525,433.525,Digital,High,None,None,1,3,13,1
866,72 TG505 AU,438.525,433.525,Digital,High,None,None,1,3,15,1
867,72 TG3800 AU+,438.525,433.525,Digital,High,None,None,1,3,17,2
868,72 TG3807 Tas,438.525,433.525,Digital,High,None,None,1,3,24,2
869,72 Ref Discnct,438.525,433.525,Digital,High,None,None,1,3,26,1
870,72 Rep Status,438.525,433.525,Digital,High,None,None,1,3,27,1
871,7RCR  TG9 S2,146.39625,146.3625,Digital,Low,None,None,1,2,5,2
872,7RCR TG8 S2,146.39625,146.3625,Digital,Low,None,None,1,2,4,2
873,7RCR 505 AU,146.39625,146.3625,Digital,Low,None,None,1,2,15,2
874,7RCR YSF 50599,146.39625,146.3625,Digital,Low,None,None,1,2,37,2
875,7RCR 5053 WA,146.39625,146.3625,Digital,Low,None,None,1,2,35,2
876,7RCR BM Local,146.39625,146.3625,Digital,Low,None,None,1,2,38,2
877,7RCR 4000 discnt,146.39625,146.3625,Digital,Low,None,None,1,0,27,1
878,7RCR 5000 status,146.39625,146.3625,Digital,Low,None,None,1,0,28,1
879,2m Splx 146.5,146.5,146.5,Analog,High,None,None,0,0,0,1
880,2m Splx 145.5,145.5,145.5,Analog,High,None,None,0,0,0,1
881,70cm Splx 439.0,439,439,Analog,High,None,None,0,0,0,1
882,70cm Splx 439.1,439.1,439.1,Analog,High,None,None,0,0,0,1
883,VK1RAC 2m Issac,146.9,146.3,Analog,High,None,None,0,0,0,1
884,VK1RBM 2m Isacs,146.725,146.125,Analog,High,None,91.5,0,0,0,1
885,VK1RBM 7 Issac,439.95,434.95,Analog,High,None,91.5,0,0,0,1
886,VK1RGI 2m Gnini,146.95,146.35,Analog,High,None,91.5,0,0,0,1
887,VK1RGI 7 Ginini,433.05,433.05,Analog,High,None,91.5,0,0,0,1
888,VK1RGI 7 Gnini,438.05,433.05,Analog,High,None,91.5,0,0,0,1
889,VK2RAA 2m NtTas,147,146.4,Analog,High,None,None,0,0,0,1
890,VK2RAD 7 Armdal,438.65,433.65,Analog,High,None,None,0,0,0,1
891,VK2RAG 7 CntCst,439.95,434.95,Analog,High,None,91.5,0,0,0,1
892,VK2RAG 7 Gosfrd,438.075,433.075,Analog,High,None,91.5,0,0,0,1
893,VK2RAO 7 Orange,438.725,433.725,Analog,High,None,None,0,0,0,1
894,VK2RAY 2m Albry,147.225,147.825,Analog,High,None,118.8,0,0,0,1
895,VK2RAY 7 Albry,438.575,433.575,Analog,High,None,None,0,0,0,1
896,VK2RBE 2m Young,146.775,146.175,Analog,High,None,91.5,0,0,0,1
897,VK2RBV 7 Syd,438.1125,432.7125,Analog,High,None,91.5,0,0,0,1
898,VK2RCC 2m Cnbrb,146.8,146.2,Analog,High,None,None,0,0,0,1
899,VK2RCD 2m Dubbo,146.725,146.125,Analog,High,None,None,0,0,0,1
900,VK2RDD 7 Dubbo,439.95,434.95,Analog,High,None,None,0,0,0,1
901,VK2RGA 2m Lchrt,146.825,146.225,Analog,High,None,91.5,0,0,0,1
902,VK2RGN 2m Glbn,146.625,146.025,Analog,High,None,None,0,0,0,1
903,VK2RGN 7 Goulb3,438.325,433.325,Analog,High,None,None,0,0,0,1
904,VK2RGN 7 Goulbn,439.95,434.95,Analog,High,None,None,0,0,0,1
905,VK2RGN 7Goulbn2,438.625,433.625,Analog,High,None,None,0,0,0,1
906,VK2RHR 7 HghRng,438.025,433.025,Analog,High,None,None,0,0,0,1
907,VK2RHT 7 Chtswd,438.35,432.95,Analog,High,None,91.5,0,0,0,1
908,VK2RLH 7 Bthrst,439.85,434.85,Analog,High,None,None,0,0,0,1
909,VK2RMB 7 Syd,438.175,433.175,Analog,High,None,91.5,0,0,0,1
910,VK2RMO 2m Tmwth,146.85,146.25,Analog,High,None,None,0,0,0,1
911,VK2RMP 7 Wlgogn,438.725,433.725,Analog,High,None,123,0,0,0,1
912,VK2RMR 7 BluMtn,439.575,434.575,Analog,High,None,123,0,0,0,1
913,VK2RMY 7 Kmpsy,438.075,433.075,Analog,High,None,None,0,0,0,1
914,VK2RNC 2m LHntr,146.975,146.375,Analog,High,None,None,0,0,0,1
915,VK2RNC 7 LHntr,438.025,433.025,Analog,High,None,None,0,0,0,1
916,VK2ROT 2mSyd,147.025,147.625,Analog,High,None,91.5,0,0,0,1
917,VK2RPL 7 Lismr,438.675,433.675,Analog,High,None,None,0,0,0,1
918,VK2RPM 7 PtMcqr,438.525,433.525,Analog,High,None,123,0,0,0,1
919,VK2RRW 7 NthSyd,438.1,433.1,Analog,High,None,None,0,0,0,1
920,VK2RSC 2m Lismr,146.8,146.2,Analog,High,None,123,0,0,0,1
921,VK2RSC 7 Lismr,439.95,434.95,Analog,High,None,123,0,0,0,1
922,VK2RTD 2m Tumut,146.8,146.2,Analog,High,None,91.5,0,0,0,1
923,VK2RTW 7 Waga2,438.025,433.025,Analog,High,None,91.5,0,0,0,1
924,VK2RTW 7 Waga3,439.8,434.8,Analog,High,None,91.5,0,0,0,1
925,VK2RTW 7 Waga4,438.025,433.025,Analog,High,None,91.5,0,0,0,1
926,VK2RTZ 2m Ncstl,146.775,146.175,Analog,High,None,91.5,0,0,0,1
927,VK2RUM 7 Ncstle,438.625,433.625,Analog,High,None,None,0,0,0,1
928,VK2RUW 2m Wgng,146.975,146.375,Analog,High,None,None,0,0,0,1
929,VK2RWG 2m Wagga,146.75,146.15,Analog,High,None,91.5,0,0,0,1
930,VK2RWI 2m Dural,147,146.4,Analog,High,None,None,0,0,0,1
931,VK2RWP 7 Bega,439.9,434.9,Analog,High,None,None,0,0,0,1
932,VK2RWS 7 Syd,438.275,432.875,Analog,High,None,91.5,0,0,0,1
933,VK3RAD 7 Mtchm,438.525,433.525,Analog,High,None,123,0,0,0,1
934,VK3RAG 2m Alnxd,146.775,146.175,Analog,High,None,123,0,0,0,1
935,VK3RAJ 2m ESEMl,146.875,146.275,Analog,High,None,94.8,0,0,0,1
936,VK3RBA 2m Balrt,146.75,146.15,Analog,High,None,91.5,0,0,0,1
937,VK3RBA 7 Balart,439.275,434.275,Analog,High,None,91.5,0,0,0,1
938,VK3RBN 7 Balrat,438.35,433.35,Analog,High,None,91.5,0,0,0,1
939,VK3RBO 7 Bndigo,438.025,433.025,Analog,High,None,None,0,0,0,1
940,VK3RBP 7 Horshm,439.7,434.7,Analog,High,None,91.5,0,0,0,1
941,VK3RBT 2m Balrt,146.65,146.05,Analog,High,None,91.5,0,0,0,1
942,VK3RBU 7 Balrat,438.475,433.475,Analog,High,None,91.5,0,0,0,1
943,VK3RBW 7 WMelb,438.45,433.45,Analog,High,None,91.5,0,0,0,1
944,VK3RCA 2m Echuc,146.675,146.075,Analog,High,None,None,0,0,0,1
945,VK3RCC 7 Melbn,438.025,433.025,Analog,High,None,91.5,0,0,0,1
946,VK3RCD 7 Knglak,438.1875,432.7875,Analog,High,None,None,0,0,0,1
947,VK3RCR 2m EMlbn,147.075,147.675,Analog,High,None,None,0,0,0,1
948,VK3RCU 7 Bndgo,438.425,433.425,Analog,High,None,None,0,0,0,1
949,VK3RCV 2m Bndgo,147.15,147.75,Analog,High,None,None,0,0,0,1
950,VK3RDX 7 MtWavr,439.6,434.6,Analog,High,None,91.5,0,0,0,1
951,VK3REC 2m Olnda,147.175,147.775,Analog,High,None,None,0,0,0,1
952,VK3RGC 2m Gelng,147.125,147.725,Analog,High,None,91.5,0,0,0,1
953,VK3RGH 2m Mcdn,146.875,146.275,Analog,High,None,91.5,0,0,0,1
954,VK3RGH 7 Macdn,439.325,434.325,Analog,High,None,91.5,0,0,0,1
955,VK3RGL 2m Glng,147,146.4,Analog,High,None,91.5,0,0,0,1
956,VK3RGL 7 Gelong,439.5,434.5,Analog,High,None,91.5,0,0,0,1
957,VK3RGS 7 Frstr,438.375,433.375,Analog,High,None,None,0,0,0,1
958,VK3RGV 7 NEVic,439.775,434.775,Analog,High,None,123,0,0,0,1
959,VK3RGW 7 WGelng,438.5,433.5,Analog,High,None,91.5,0,0,0,1
960,VK3RHF 7 Olinda,438.75,433.75,Analog,High,None,88.5,0,0,0,1
961,VK3RHO 2m MHthm,147.05,147.65,Analog,High,None,None,0,0,0,1
962,VK3RHO 7 NE Vic,438.375,433.375,Analog,High,None,None,0,0,0,1
963,VK3RIR 7 Bndigo,438.15,433.15,Analog,High,None,91.5,0,0,0,1
964,VK3RLE Paps,438.125,433.125,Analog,High,None,None,0,0,0,1
965,VK3RMA 2m Mldra,146.8,146.2,Analog,High,None,None,0,0,0,1
966,VK3RMG 7 Yea,439.95,434.95,Analog,High,None,None,0,0,0,1
967,VK3RML 2m EMelb,146.7,146.1,Analog,High,None,91.5,0,0,0,1
968,VK3RMN 2m KngLk,146.85,146.25,Analog,High,None,91.5,0,0,0,1
969,VK3RMS 7 Olinda,438.225,433.225,Analog,High,None,91.5,0,0,0,1
970,VK3RNE 2m Wdnga,147,146.4,Analog,High,None,None,0,0,0,1
971,VK3RNE 7 Wodnga,439.425,434.425,Analog,High,None,None,0,0,0,1
972,VK3RNU 7 Wangrt,438.525,433.525,Analog,High,None,None,0,0,0,1
973,VK3RPB 2m Brght,147.1,147.7,Analog,High,None,None,0,0,0,1
974,VK3RPL 7 Prtlnd,439.95,434.95,Analog,High,None,91.5,0,0,0,1
975,VK3RPT 7 Klmr,439.525,434.525,Analog,High,None,91.5,0,0,0,1
976,VK3RRU 7 Mldura,438.525,433.525,Analog,High,None,None,0,0,0,1
977,VK3RUG 7 Eildn,438.175,434.175,Analog,High,None,None,0,0,0,1
978,VK3RVG 2m Shep,146.65,146.05,Analog,High,None,123,0,0,0,1
979,VK3RWU 7 Grmpns,438.675,433.675,Analog,High,None,91.5,0,0,0,1
980,VK3RYV 7 YraVly,439.3,434.3,Analog,High,None,None,0,0,0,1
981,VK4RAR 2m Rkhmt,146.7,146.1,Analog,High,None,91.5,0,0,0,1
982,VK4RAT 2m Tnsvl,146.7,146.1,Analog,High,None,None,0,0,0,1
983,VK4RBM 2m Mcky,146.775,146.175,Analog,High,None,91.5,0,0,0,1
984,VK4RBN 2m Brisb,147,145.4,Analog,High,None,91.5,0,0,0,1
985,VK4RBQ 2m Brsbn,146.95,146.35,Analog,High,None,91.5,0,0,0,1
986,VK4RCM 2m Gmpy,146.725,146.125,Analog,High,None,91.5,0,0,0,1
987,VK4RET 2m DDwns,146.675,146.075,Analog,High,None,91.5,0,0,0,1
988,VK4RGA 2m CntQl,146.9,146.3,Analog,High,None,91.5,0,0,0,1
989,VK4RGC 2m GCst,146.7,146.1,Analog,High,None,123,0,0,0,1
990,VK4RGT 2m Gldst,146.625,146.025,Analog,High,None,91.5,0,0,0,1
991,VK4RHB 2m HrvBa,146.65,146.05,Analog,High,None,None,0,0,0,1
992,VK4RLW 2m Logan,146.975,146.375,Analog,High,None,91.5,0,0,0,1
993,VK4ROM 2m Roma,146.65,146.05,Analog,High,None,None,0,0,0,1
994,VK4RSA 2m Macky,146.675,146.075,Analog,High,None,None,0,0,0,1
995,VK4RSC 2m SnCst,146.85,146.25,Analog,High,None,91.5,0,0,0,1
996,VK4RSL 2m SnCst,146.825,146.225,Analog,High,None,91.5,0,0,0,1
997,VK5RAC 2mLEyrPn,146.75,146.15,Analog,High,None,None,0,0,0,1
998,VK5RAD 2m Crfrs,147,146.4,Analog,High,None,None,0,0,0,1
999,VK5RAE 2m PtAgs,146.975,146.375,Analog,High,None,None,0,0,0,1
1000,VK5RAH 2mAdlHls,146.775,146.175,Analog,High,None,None,0,0,0,1
1001,VK5RBK 2m MtBkr,146.725,146.125,Analog,High,None,None,0,0,0,1
1002,VK5RBT 2m Bdtwn,147.35,147.95,Analog,High,None,None,0,0,0,1
1003,VK5RBV 2m Brosa,146.825,146.225,Analog,High,None,None,0,0,0,1
1004,VK5REP 2mEyrPen,146.8,146.2,Analog,High,None,None,0,0,0,1
1005,VK5RHO 2m Adlde,146.85,146.25,Analog,High,None,None,0,0,0,1
1006,VK5RLD 2m Rvlnd,147.325,147.925,Analog,High,None,None,0,0,0,1
1007,VK5RLH 2m CntNt,146.925,146.325,Analog,High,None,None,0,0,0,1
1008,VK5RLZ 2m AdNth,146.625,146.025,Analog,High,None,None,0,0,0,1
1009,VK5RMB 2m MBdge,146.875,146.275,Analog,High,None,None,0,0,0,1
1010,VK5RMG 2m MtGmb,146.9,146.3,Analog,High,None,None,0,0,0,1
1011,VK5RMN 2m PtPri,146.7,146.1,Analog,High,None,None,0,0,0,1
1012,VK5RSE 2m Mlcnt,146.8,146.2,Analog,High,None,None,0,0,0,1
1013,VK5RSV 2mAdlSth,146.675,146.075,Analog,High,None,None,0,0,0,1
1014,VK7RAD 2m Hbrt,146.7,146.1,Analog,High,None,141.3,0,0,0,1
1015,VK7RAD 2mHbrt2,147.975,147.375,Analog,High,None,None,0,0,0,1
1016,VK7RAF 2m Hbrt,146.65,146.05,Analog,High,None,123,0,0,0,1
1017,VK7RBI 2m SETas,147.3,147.3,Analog,High,None,114.8,0,0,0,1
1018,VK7RVP 2m NWtas,146.725,146.125,Analog,High,None,91.5,0,0,0,1
1019,VK7RWC 2m W Cst,147.075,147.675,Analog,High,None,123,0,0,0,1