ScanList Name,Channel,Channel,Channel,Channel,Channel,Channel,Channel,Channel,Channel,Channel,Channel,Channel,Channel,Channel,Channel,Channel,Channel,Channel,Channel,Channel,Channel,Channel,Channel,Channel,Channel,Channel,Channel,Channel,Channel,Channel,Channel,Channel,Priority1,Priority2,TX Channel,Signal Hold,Priority Sample,Flags
Hotspots,Selected,DV4 BM TG9 S2,DVm TG9S2,Z bm TG9S2,,,,,,,,,,,,,,,,,,,,,,,,,,,,,None,None,Selected, 255, 8, 240,
Home,Selected,'439.2 SPX DMR,DV4 tg3807 Tas,Z bm TG923 EU E,'11 Rep Status,'27 TG5 VK Bcast,'26 TG3802 NSW,'26 TG3801 ACT,,,,,,,,,,,,,,,,,,,,,,,,,None,None,Selected, 255, 8, 240,
VK1RBM,Selected,'11 TG1 WW,'11 TG5 VK Bcast,'11 TG8 S1,'11 TG9 S1 Loc,'11 TG13 WWE,'11 TG113 UA E1,'11 TG123 UA E2,'11 TG133 +USA,'11 TG143 +UK,'11 TG153 SthPac,'11 TG505 AU,'11 TG3800 AU+,'11 TG3801 ACT,'11 TG3802 NSW,,,,,,,,,,,,,,,,,,None,None,Selected, 255, 8, 240,
VK2RFI,Selected,'19 TG1 WW,'19 TG5 VK Bcast,'19 TG8 S1,'19 TG9 S1 Loc,'19 TG13 WWE,'19 TG113 UA E1,'19 TG123 UA E2,'19 TG133 +USA,'19 TG143 +UK,'19 TG153 SthPac,'19 TG505 AU,'19 TG3800 AU+,'19 TG3801 ACT,'19 TG3802 NSW,,,,,,,,,,,,,,,,,,None,None,Selected, 255, 8, 240,
VK2RTH,Selected,'20 TG1 WW,'20 TG5 VK Bcast,'20 TG8 S1,'20 TG9 S1 Loc,'20 TG13 WWE,'20 TG113 UA E1,'20 TG123 UA E2,'20 TG133 +USA,'20 TG143 +UK,'20 TG153 SthPac,'20 TG505 AU,'20 TG3800 AU+,'20 TG3801 ACT,'20 TG3802 NSW,,,,,,,,,,,,,,,,,,None,None,Selected, 255, 8, 240,
VK2RGN,Selected,'21 TG1 WW,'21 TG5 VK Bcast,'21 TG8 S1,'21 TG9 S1 Loc,'21 TG13 WWE,'21 TG113 UA E1,'21 TG123 UA E2,'21 TG133 +USA,'21 TG143 +UK,'21 TG153 SthPac,'21 TG505 AU,'21 TG3800 AU+,'21 TG3801 ACT,'21 TG3802 NSW,,,,,,,,,,,,,,,,,,None,None,Selected, 255, 8, 240,
Analog SA,Selected,'28 TG9 S1 Loc,'28 TG13 WWE,'28 TG113 UA E1,'28 TG123 UA E2,'28 TG133 +USA,'28 TG143 +UK,'28 TG153 SthPac,'28 TG505 AU,'28 TG3800 AU+,'28 TG3801 ACT,'28 TG3802 NSW,'28 Ref Discnct,'28 Rep Status,'29 VK2RCV Scan,'29 TG1 WW,'29 TG5 VK Bcast,,,,,,,,,,,,,,,,None,None,Selected, 255, 8, 240,
VK2RHR,Selected,'22 TG1 WW,'22 TG5 VK Bcast,'22 TG8 S1,'22 TG9 S1 Loc,'22 TG13 WWE,'22 TG113 UA E1,'22 TG123 UA E2,'22 TG133 +USA,'22 TG143 +UK,'22 TG153 SthPac,'22 TG505 AU,'22 TG3800 AU+,'22 TG3801 ACT,'22 TG3802 NSW,,,,,,,,,,,,,,,,,,None,None,Selected, 255, 8, 240,
VK2RYS,Selected,'23 TG1 WW,'23 TG5 VK Bcast,'23 TG8 S1,'23 TG9 S1 Loc,'23 TG13 WWE,'23 TG113 UA E1,'23 TG123 UA E2,'23 TG133 +USA,'23 TG143 +UK,'23 TG153 SthPac,'23 TG505 AU,'23 TG3800 AU+,'23 TG3801 ACT,'23 TG3802 NSW,,,,,,,,,,,,,,,,,,None,None,Selected, 255, 8, 240,
VK2RCG,Selected,'24 TG1 WW,'24 TG5 VK Bcast,'24 TG8 S1,'24 TG9 S1 Loc,'24 TG13 WWE,'24 TG113 UA E1,'24 TG123 UA E2,'24 TG133 +USA,'24 TG143 +UK,'24 TG153 SthPac,'24 TG505 AU,'24 TG3800 AU+,'24 TG3801 ACT,'24 TG3802 NSW,,,,,,,,,,,,,,,,,,None,None,Selected, 255, 8, 240,
VK2RRW,Selected,'25 TG1 WW,'25 TG5 VK Bcast,'25 TG8 S1,'25 TG9 S1 Loc,'25 TG13 WWE,'25 TG113 UA E1,'25 TG123 UA E2,'25 TG133 +USA,'25 TG143 +UK,'25 TG153 SthPac,'25 TG505 AU,'25 TG3800 AU+,'25 TG3801 ACT,'25 TG3802 NSW,,,,,,,,,,,,,,,,,,None,None,Selected, 255, 8, 240,
VK2RLE,Selected,'26 TG1 WW,'26 TG5 VK Bcast,'26 TG8 S1,'26 TG9 S1 Loc,'26 TG13 WWE,'26 TG113 UA E1,'26 TG123 UA E2,'26 TG133 +USA,'26 TG143 +UK,'26 TG153 SthPac,'26 TG505 AU,'26 TG3800 AU+,'26 TG3801 ACT,'26 TG3802 NSW,,,,,,,,,,,,,,,,,,None,None,Selected, 255, 8, 240,
VK2RHT,Selected,'27 TG1 WW,'27 TG5 VK Bcast,'27 TG8 S1,'27 TG9 S1 Loc,'27 TG13 WWE,'27 TG113 UA E1,'27 TG123 UA E2,'27 TG133 +USA,'27 TG143 +UK,'27 TG153 SthPac,'27 TG505 AU,'27 TG3800 AU+,'27 TG3801 ACT,'27 TG3802 NSW,,,,,,,,,,,,,,,,,,None,None,Selected, 255, 8, 240,
VK2RAO,Selected,'28 TG1 WW,'28 TG5 VK Bcast,'28 TG8 S1,'28 TG9 S1 Loc,'28 TG13 WWE,'28 TG113 UA E1,'28 TG123 UA E2,'28 TG133 +USA,'28 TG143 +UK,'28 TG153 SthPac,'28 TG505 AU,'28 TG3800 AU+,'28 TG3801 ACT,'28 TG3802 NSW,,,,,,,,,,,,,,,,,,None,None,Selected, 255, 8, 240,
VK2RCV,Selected,'29 TG1 WW,'29 TG5 VK Bcast,'29 TG8 S1,'29 TG9 S1 Loc,'29 TG13 WWE,'29 TG113 UA E1,'29 TG123 UA E2,'29 TG133 +USA,'29 TG143 +UK,'29 TG153 SthPac,'29 TG505 AU,Channel1,,,,,,,,,,,,,,,,,,,,None,None,Selected, 255, 8, 240,
VK3RSU,Selected,'22 TG113 UA E1,'22 TG123 UA E2,'22 TG133 +USA,'22 TG143 +UK,'22 TG153 SthPac,'22 TG505 AU,'22 TG3800 AU+,'22 TG3801 ACT,'22 TG3802 NSW,'22 Ref Discnct,'22 Rep Status,'23 VK2RYS Scan,'23 TG1 WW,,,,,,,,,,,,,,,,,,,None,None,Selected, 255, 8, 240,
VK3RTE,Selected,,,,,,,,,,,,,,,,,,,,,,,,,,,,,,,,None,None,Selected, 255, 8, 240,
VK3RZU,Selected,,,,,,,,,,,,,,,,,,,,,,,,,,,,,,,,None,None,Selected, 255, 8, 240,
