Contact Name,ID,ID Type,Receive Tone,Ring Style
All Calls, 1677215,Group,Off, 0
TG1 WW, 1,Group,Off, 0
TG5 VK Nets, 5,Group,Off, 0
TG8 StateLnkd, 8,Group,Off, 0
TG9 Local, 9,Group,Off, 0
TG13 WWE, 13,Group,Off, 0
TG30 JOTA, 30,Group,Off, 0
TG100 TechTalk, 100,Group,Off, 0
TG113 UA Eng1, 113,Group,Off, 0
TG123 UA Eng2, 123,Group,Off, 0
TG133 DMR+USA, 133,Group,Off, 0
TG143 DMR+UK, 143,Group,Off, 0
TG153 DMR+SthPac, 153,Group,Off, 0
Private, 315,Group,On, 0
TG505 AU, 505,Group,Off, 0
TAXI GN, 950,Group,Off, 0
TG3800 AU, 3800,Group,Off, 0
TG3801 ACT, 3801,Group,Off, 0
TG3802 NSW, 3802,Group,Off, 0
TG3803 Vic, 3803,Group,Off, 0
TG3804 Qld, 3804,Group,Off, 0
TG3805 SA, 3805,Group,Off, 0
TG3806 WA, 3806,Group,Off, 0
TG3807 Tas, 3807,Group,Off, 0
TG3808 VK8, 3808,Group,Off, 0
TG3809 VK9, 3809,Group,Off, 0
Reflctr Discnct, 4000,Group,Off, 0
Rpt Status, 5000,Group,Off, 0
TG5050 AU BM, 5050,Group,Off, 0
TG5051 ACT BM, 5051,Group,Off, 0
TG5052 NSW BM, 5052,Group,Off, 0
TG5053 Vic BM, 5053,Group,Off, 0
TG5054 Qld BM, 5054,Group,Off, 0
TG5055 SA BM, 5055,Group,Off, 0
TG5056 WA BM, 5056,Group,Off, 0
TG5057 Tas BM, 5057,Group,Off, 0
TG50599 YSF, 50599,Group,Off, 0
BM Local, 505001,Group,Off, 0
TG91 BM WW, 91,Group,Off, 0
TG913 BM WWE, 913,Group,Off, 0
TG923 BM EU E, 923,Group,Off, 0
TG95 BM PacRim, 95,Group,Off, 0
VK WICEN BM, 50566,Group,Off, 0
ref4581 tg133 US, 4581,Group,Off, 0
ref4404 tg143, 143,Group,On, 0
ref4851 tg153 SP, 4851,Group,Off, 0
ref4800 tf3800, 4800,Group,Off, 0
ref4801 tg3801, 4801,Group,Off, 0
ref4802 tg3802, 4802,Group,Off, 0
ref4803 tg3803, 4803,Group,Off, 0
ref4804 tg3804, 4804,Group,Off, 0
ref4805 tg3805, 4805,Group,Off, 0
ref4806 tg3806, 4806,Group,Off, 0
ref4807 tg3807, 4807,Group,Off, 0
TG26204, 26204,Group,Off, 0
TG31665, 31665,Group,Off, 0
