ScanList Name,Channel,Channel,Channel,Channel,Channel,Channel,Channel,Channel,Channel,Channel,Channel,Channel,Channel,Channel,Channel,Channel,Channel,Channel,Channel,Channel,Channel,Channel,Channel,Channel,Channel,Channel,Channel,Channel,Channel,Channel,Channel,Channel,Priority1,Priority2,TX Channel,Signal Hold,Priority Sample,Flags
Hotspots,Selected,DV4 BM TG9 S2,DVm TG9S2,Z bm TG9S2,,,,,,,,,,,,,,,,,,,,,,,,,,,,,None,None,Selected,255,8,240
Home,Selected,'439.2 SPX DMR,DV4 tg3807 Tas,Z bm TG923 EU E,'11 Rep Status,'27 TG5 VK Bcast,'26 TG3802 NSW,'26 TG3801 ACT,,,,,,,,,,,,,,,,,,,,,,,,,None,None,Selected,255,8,240
11 VK1RBM,Selected,'11 TG1 WW,'11 TG5 VK Bcast,'11 TG8 S1,'11 TG9 S1 Loc,'11 TG13 WWE,'11 TG113 UA E1,'11 TG123 UA E2,'11 TG133 +USA,'11 TG143 +UK,'11 TG153 SthPac,'11 TG505 AU,'11 TG3800 AU+,'11 TG3801 ACT,'11 TG3802 NSW,,,,,,,,,,,,,,,,,,None,None,Selected,255,8,240
19 VK2RFI,Selected,'19 TG1 WW,'19 TG5 VK Bcast,'19 TG8 S1,'19 TG9 S1 Loc,'19 TG13 WWE,'19 TG113 UA E1,'19 TG123 UA E2,'19 TG133 +USA,'19 TG143 +UK,'19 TG153 SthPac,'19 TG505 AU,'19 TG3800 AU+,'19 TG3801 ACT,'19 TG3802 NSW,,,,,,,,,,,,,,,,,,None,None,Selected,255,8,240
20 VK2RTH,Selected,'20 TG1 WW,'20 TG5 VK Bcast,'20 TG8 S1,'20 TG9 S1 Loc,'20 TG13 WWE,'20 TG113 UA E1,'20 TG123 UA E2,'20 TG133 +USA,'20 TG143 +UK,'20 TG153 SthPac,'20 TG505 AU,'20 TG3800 AU+,'20 TG3801 ACT,'20 TG3802 NSW,,,,,,,,,,,,,,,,,,None,None,Selected,255,8,240
21 VK2RGN,Selected,'21 TG1 WW,'21 TG5 VK Bcast,'21 TG8 S1,'21 TG9 S1 Loc,'21 TG13 WWE,'21 TG113 UA E1,'21 TG123 UA E2,'21 TG133 +USA,'21 TG143 +UK,'21 TG153 SthPac,'21 TG505 AU,'21 TG3800 AU+,'21 TG3801 ACT,'21 TG3802 NSW,,,,,,,,,,,,,,,,,,None,None,Selected,255,8,240
22 VK2RHR,Selected,'22 TG1 WW,'22 TG5 VK Bcast,'22 TG8 S1,'22 TG9 S1 Loc,'22 TG13 WWE,'22 TG113 UA E1,'22 TG123 UA E2,'22 TG133 +USA,'22 TG143 +UK,'22 TG153 SthPac,'22 TG505 AU,'22 TG3800 AU+,'22 TG3801 ACT,'22 TG3802 NSW,,,,,,,,,,,,,,,,,,None,None,Selected,255,8,240
23 VK2RYS,Selected,'23 TG1 WW,'23 TG5 VK Bcast,'23 TG8 S1,'23 TG9 S1 Loc,'23 TG13 WWE,'23 TG113 UA E1,'23 TG123 UA E2,'23 TG133 +USA,'23 TG143 +UK,'23 TG153 SthPac,'23 TG505 AU,'23 TG3800 AU+,'23 TG3801 ACT,'23 TG3802 NSW,,,,,,,,,,,,,,,,,,None,None,Selected,255,8,240
24 VK2RCG,Selected,'24 TG1 WW,'24 TG5 VK Bcast,'24 TG8 S1,'24 TG9 S1 Loc,'24 TG13 WWE,'24 TG113 UA E1,'24 TG123 UA E2,'24 TG133 +USA,'24 TG143 +UK,'24 TG153 SthPac,'24 TG505 AU,'24 TG3800 AU+,'24 TG3801 ACT,'24 TG3802 NSW,,,,,,,,,,,,,,,,,,None,None,Selected,255,8,240
25 VK2RRW,Selected,'25 TG1 WW,'25 TG5 VK Bcast,'25 TG8 S1,'25 TG9 S1 Loc,'25 TG13 WWE,'25 TG113 UA E1,'25 TG123 UA E2,'25 TG133 +USA,'25 TG143 +UK,'25 TG153 SthPac,'25 TG505 AU,'25 TG3800 AU+,'25 TG3801 ACT,'25 TG3802 NSW,,,,,,,,,,,,,,,,,,None,None,Selected,255,8,240
26 VK2RLE,Selected,'26 TG1 WW,'26 TG5 VK Bcast,'26 TG8 S1,'26 TG9 S1 Loc,'26 TG13 WWE,'26 TG113 UA E1,'26 TG123 UA E2,'26 TG133 +USA,'26 TG143 +UK,'26 TG153 SthPac,'26 TG505 AU,'26 TG3800 AU+,'26 TG3801 ACT,'26 TG3802 NSW,,,,,,,,,,,,,,,,,,None,None,Selected,255,8,240
27 VK2RHT,Selected,'27 TG1 WW,'27 TG5 VK Bcast,'27 TG8 S1,'27 TG9 S1 Loc,'27 TG13 WWE,'27 TG113 UA E1,'27 TG123 UA E2,'27 TG133 +USA,'27 TG143 +UK,'27 TG153 SthPac,'27 TG505 AU,'27 TG3800 AU+,'27 TG3801 ACT,'27 TG3802 NSW,,,,,,,,,,,,,,,,,,None,None,Selected,255,8,240
28 VK2RAO,Selected,'28 TG1 WW,'28 TG5 VK Bcast,'28 TG8 S1,'28 TG9 S1 Loc,'28 TG13 WWE,'28 TG113 UA E1,'28 TG123 UA E2,'28 TG133 +USA,'28 TG143 +UK,'28 TG153 SthPac,'28 TG505 AU,'28 TG3800 AU+,'28 TG3801 ACT,'28 TG3802 NSW,,,,,,,,,,,,,,,,,,None,None,Selected,255,8,240
29 VK2RCV,Selected,'29 TG1 WW,'29 TG5 VK Bcast,'29 TG8 S1,'29 TG9 S1 Loc,'29 TG13 WWE,'29 TG113 UA E1,'29 TG123 UA E2,'29 TG133 +USA,'29 TG143 +UK,'29 TG153 SthPac,29 TG505 AU,29 TG3800 AU+,29 TG3801 ACT,29 TG3802 NSW,,,,,,,,,,,,,,,,,,None,None,Selected,255,8,240
30 VK3RSU,Selected,30 TG1 WW,30 TG5 VK Bcast,30 TG8 S2,30 TG9 S1 Loc,30 TG13 WWE,30 TG113 UA E2,30 TG123 UA E3,30 TG133 +USA,30 TG143 +UK,30 TG153 SthPac,30 TG505 AU,30 TG3800 AU+,30 TG3803 Vic,,,,,,,,,,,,,,,,,,,None,None,Selected,255,8,240
31 VK3RTE,Selected,31 TG1 WW,31 TG5 VK Bcast,31 TG8 S2,31 TG9 S1 Loc,31 TG13 WWE,31 TG113 UA E2,31 TG123 UA E3,31 TG133 +USA,31 TG143 +UK,31 TG153 SthPac,31 TG505 AU,31 TG3800 AU+,31 TG3803 Vic,,,,,,,,,,,,,,,,,,,None,None,Selected,255,8,240
32 VK3RZU,Selected,32 TG1 WW,32 TG5 VK Bcast,32 TG8 S2,32 TG9 S1 Loc,32 TG13 WWE,32 TG113 UA E2,32 TG123 UA E3,32 TG133 +USA,32 TG143 +UK,32 TG153 SthPac,32 TG505 AU,32 TG3800 AU+,32 TG3803 Vic,,,,,,,,,,,,,,,,,,,None,None,Selected,255,8,240
33 VK3RMC,Selected,33 TG1 WW,33 TG5 VK Bcast,33 TG8 S2,33 TG9 S1 Loc,33 TG13 WWE,33 TG113 UA E2,33 TG123 UA E3,33 TG133 +USA,33 TG143 +UK,33 TG153 SthPac,33 TG505 AU,33 TG3800 AU+,33 TG3803 Vic,,,,,,,,,,,,,,,,,,,,,,,,
34 VK3RMM,Selected,34 TG1 WW,34 TG5 VK Bcast,34 TG8 S2,34 TG9 S1 Loc,34 TG13 WWE,34 TG113 UA E2,34 TG123 UA E3,34 TG133 +USA,34 TG143 +UK,34 TG153 SthPac,34 TG505 AU,34 TG3800 AU+,34 TG3803 Vic,,,,,,,,,,,,,,,,,,,,,,,,
35 VK3RPT,Selected,35 TG1 WW,35 TG5 VK Bcast,35 TG8 S2,35 TG9 S1 Loc,35 TG13 WWE,35 TG113 UA E2,35 TG123 UA E3,35 TG133 +USA,35 TG143 +UK,35 TG153 SthPac,35 TG505 AU,35 TG3800 AU+,35 TG3803 Vic,,,,,,,,,,,,,,,,,,,,,,,,
36 VK3RGL,Selected,36 TG1 WW,36 TG5 VK Bcast,36 TG8 S2,36 TG9 S1 Loc,36 TG13 WWE,36 TG113 UA E2,36 TG123 UA E3,36 TG133 +USA,36 TG143 +UK,36 TG153 SthPac,36 TG505 AU,36 TG3800 AU+,36 TG3803 Vic,,,,,,,,,,,,,,,,,,,,,,,,
37 VK3RPS,Selected,37 TG1 WW,37 TG5 VK Bcast,37 TG8 S2,37 TG9 S1 Loc,37 TG13 WWE,37 TG113 UA E2,37 TG123 UA E3,37 TG133 +USA,37 TG143 +UK,37 TG153 SthPac,37 TG505 AU,37 TG3800 AU+,37 TG3803 Vic,,,,,,,,,,,,,,,,,,,,,,,,
38 VK3RBQ,Selected,38 TG1 WW,38 TG5 VK Bcast,38 TG8 S2,38 TG9 S1 Loc,38 TG13 WWE,38 TG113 UA E2,38 TG123 UA E3,38 TG133 +USA,38 TG143 +UK,38 TG153 SthPac,38 TG505 AU,38 TG3800 AU+,38 TG3803 Vic,,,,,,,,,,,,,,,,,,,,,,,,
40 VK4RGX,Selected,40 TG1 WW,40 TG5 VK Bcast,40 TG8 S2,40 TG9 S1 Loc,40 TG13 WWE,40 TG113 UA E2,40 TG123 UA E3,40 TG133 +USA,40 TG143 +UK,40 TG153 SthPac,40 TG505 AU,40 TG3800 AU+,40 TG3804 Qld,,,,,,,,,,,,,,,,,,,,,,,,
41 VK4RMC,Selected,41 TG1 WW,41 TG5 VK Bcast,41 TG8 S2,41 TG9 S1 Loc,41 TG13 WWE,41 TG113 UA E2,41 TG123 UA E3,41 TG133 +USA,41 TG143 +UK,41 TG153 SthPac,41 TG505 AU,41 TG3800 AU+,41 TG3804 Qld,,,,,,,,,,,,,,,,,,,,,,,,
42 VK4RTQ,Selected,42 TG1 WW,42 TG5 VK Bcast,42 TG8 S2,42 TG9 S1 Loc,42 TG13 WWE,42 TG113 UA E2,42 TG123 UA E3,42 TG133 +USA,42 TG143 +UK,42 TG153 SthPac,42 TG505 AU,42 TG3800 AU+,42 TG3804 Qld,,,,,,,,,,,,,,,,,,,,,,,,
43 VK4RDU,Selected,43 TG1 WW,43 TG5 VK Bcast,43 TG8 S2,43 TG9 S1 Loc,43 TG13 WWE,43 TG113 UA E2,43 TG123 UA E3,43 TG133 +USA,43 TG143 +UK,43 TG153 SthPac,43 TG505 AU,43 TG3800 AU+,43 TG3804 Qld,,,,,,,,,,,,,,,,,,,,,,,,
44 VK4REG,Selected,44 TG1 WW,44 TG5 VK Bcast,44 TG8 S2,44 TG9 S1 Loc,44 TG13 WWE,44 TG113 UA E2,44 TG123 UA E3,44 TG133 +USA,44 TG143 +UK,44 TG153 SthPac,44 TG505 AU,44 TG3800 AU+,44 TG3804 Qld,,,,,,,,,,,,,,,,,,,,,,,,
45 VK4RBX,Selected,45 TG1 WW,45 TG5 VK Bcast,45 TG8 S2,45 TG9 S1 Loc,45 TG13 WWE,45 TG113 UA E2,45 TG123 UA E3,45 TG133 +USA,45 TG143 +UK,45 TG153 SthPac,45 TG505 AU,45 TG3800 AU+,45 TG3804 Qld,,,,,,,,,,,,,,,,,,,,,,,,
46 VK4RNX,Selected,46 TG1 WW,46 TG5 VK Bcast,46 TG8 S2,46 TG9 S1 Loc,46 TG13 WWE,46 TG113 UA E2,46 TG123 UA E3,46 TG133 +USA,46 TG143 +UK,46 TG153 SthPac,46 TG505 AU,46 TG3800 AU+,46 TG3804 Qld,,,,,,,,,,,,,,,,,,,,,,,,
47 VK4RBK,Selected,47 TG1 WW,47 TG5 VK Bcast,47 TG8 S2,47 TG9 S1 Loc,47 TG13 WWE,47 TG113 UA E2,47 TG123 UA E3,47 TG133 +USA,47 TG143 +UK,47 TG153 SthPac,47 TG505 AU,47 TG3800 AU+,47 TG3804 Qld,,,,,,,,,,,,,,,,,,,,,,,,
50 VK5RSF,Selected,50 TG1 WW,50 TG5 VK Bcast,50 TG8 S2,50 TG9 S1 Loc,50 TG13 WWE,50 TG113 UA E2,50 TG123 UA E3,50 TG133 +USA,50 TG143 +UK,50 TG153 SthPac,50 TG505 AU,50 TG3800 AU+,50 TG3805 SA,,,,,,,,,,,,,,,,,,,,,,,,
60 VK6RDM,Selected,60 TG1 WW,60 TG5 VK Bcast,60 TG8 S2,60 TG9 S1 Loc,60 TG13 WWE,60 TG113 UA E2,60 TG123 UA E3,60 TG133 +USA,60 TG143 +UK,60 TG153 SthPac,60 TG505 AU,60 TG3800 AU+,60 TG3806 WA,,,,,,,,,,,,,,,,,,,,,,,,
61 VK6RLM,Selected,61 TG1 WW,61 TG5 VK Bcast,61 TG8 S2,61 TG9 S1 Loc,61 TG13 WWE,61 TG113 UA E2,61 TG123 UA E3,61 TG133 +USA,61 TG143 +UK,61 TG153 SthPac,61 TG505 AU,61 TG3800 AU+,61 TG3806 WA,,,,,,,,,,,,,,,,,,,,,,,,
62 VK6RRR,Selected,62 TG1 WW,62 TG5 VK Bcast,62 TG8 S2,62 TG9 S1 Loc,62 TG13 WWE,62 TG113 UA E2,62 TG123 UA E3,62 TG133 +USA,62 TG143 +UK,62 TG153 SthPac,62 TG505 AU,62 TG3800 AU+,62 TG3806 WA,,,,,,,,,,,,,,,,,,,,,,,,
63 VK6RPT,Selected,63 TG1 WW,63 TG5 VK Bcast,63 TG8 S2,63 TG9 S1 Loc,63 TG13 WWE,63 TG113 UA E2,63 TG123 UA E3,63 TG133 +USA,63 TG143 +UK,63 TG153 SthPac,63 TG505 AU,63 TG3800 AU+,63 TG3806 WA,,,,,,,,,,,,,,,,,,,,,,,,
70 VK7RCR,Selected,70 TG1 WW,70 TG5 VK Bcast,70 TG8 S2,70 TG9 S1 Loc,70 TG13 WWE,70 TG113 UA E2,70 TG123 UA E3,70 TG133 +USA,70 TG143 +UK,70 TG153 SthPac,70 TG505 AU,70 TG3800 AU+,70 TG3807 Tas,,,,,,,,,,,,,,,,,,,,,,,,
71 VK7RAA,Selected,71 TG1 WW,71 TG5 VK Bcast,71 TG8 S2,71 TG9 S1 Loc,71 TG13 WWE,71 TG113 UA E2,71 TG123 UA E3,71 TG133 +USA,71 TG143 +UK,71 TG153 SthPac,71 TG505 AU,71 TG3800 AU+,71 TG3807 Tas,,,,,,,,,,,,,,,,,,,,,,,,
72 VK7RJD,Selected,72 TG1 WW,72 TG5 VK Bcast,72 TG8 S2,72 TG9 S1 Loc,72 TG13 WWE,72 TG113 UA E2,72 TG123 UA E3,72 TG133 +USA,72 TG143 +UK,72 TG153 SthPac,72 TG505 AU,72 TG3800 AU+,72 TG3807 Tas,,,,,,,,,,,,,,,,,,,,,,,,
Anlg SA,Selected,VK5RAC 2mLEyrPn,VK5RAD 2m Crfrs,VK5RAH 2mAdlHls,VK5RBK 2m MtBkr,VK5RBT 2m Bdtwn,VK5RBV 2m Brosa,VK5RHO 2m Adlde,VK5RLD 2m Rvlnd,VK5RLH 2m CntNt,VK5RLZ 2m AdNth,VK5RMB 2m MBdge,VK5RMG 2m MtGmb,VK5RMN 2m PtPri,VK5RSE 2m Mlcnt,VK5RSV 2mAdlSth,,,,,,,,,,,,,,,,,,,,,,
Anlg NE Vic,Selected,,,,,,,,,,,,,,,,,,,,,,,,,,,,,,,,,,,,,
Anlg SW NSW,Selected,,,,,,,,,,,,,,,,,,,,,,,,,,,,,,,,,,,,,
Anlg Mbgee,Selected,,,,,,,,,,,,,,,,,,,,,,,,,,,,,,,,,,,,,