Zone Name,Channel,Channel,Channel,Channel,Channel,Channel,Channel,Channel,Channel,Channel,Channel,Channel,Channel,Channel,Channel,Channel
DV4mini,DV4 TG9 S1,DV4 tg3800 AU,DV4 tg3801 ACT,DV4 tg3802 NSW,DV4 tg3803 Vic,DV4 tg3804 Qld,DV4 tg3805 SA,DV4 tg3806 WA,DV4 tg3807 Tas,DV4 tg133 US,DV4 tg143 UK,DV4 tg153 SthPa,DV4 BM TG9 S2,,,
DVmega,DV hs Scan,DVm TG9S2,DVm 505 AU,DVm YSF 50599,DVm 5051 ACT,DVm 5052 NSW,DVm 5053 Vic,DVm 5054 Qld,DVm 5056 WA,DVm 5057 Tas,DVm WICEN,DVm TG91 WW,DVm TG913 WWE,DVm 26204,DVm TG923 EU E,DVm 4000 discnt
Zumspot,Z bm TG9S2,Z bm 505 AU,Z bm YSF 50599,Z bm 5051 ACT,Z bm 5052 NSW,Z bm 5053 Vic,Z bm 5054 Qld,Z bm 5055 SA,Z bm 5056 WA,Z bm 5057 Tas,Z bm TG91 WW,Z bm TG913 WWE,Z bm TG923 EU E,Z bm TG95 PacRim,Z bm 26204,Z bm 4000 discnt
VK1RBM,'11 VK1RBM Scan,'11 TG1 WW,'11 TG5 VK Bcast,'11 TG8 S1,'11 TG9 S1 Loc,'11 TG13 WWE,'11 TG113 UA E1,'11 TG123 UA E2,'11 TG133 +USA,'11 TG143 +UK,'11 TG153 SthPac,'11 TG505 AU,'11 TG3800 AU+,'11 TG3801 ACT,'11 TG3802 NSW,'11 Ref Discnct
VK2RFI,'19 VK2RFI Scan,'19 TG1 WW,'19 TG5 VK Bcast,'19 TG8 S1,'19 TG9 S1 Loc,'19 TG13 WWE,'19 TG113 UA E1,'19 TG123 UA E2,'19 TG133 +USA,'19 TG143 +UK,'19 TG153 SthPac,'19 TG505 AU,'19 TG3800 AU+,'19 TG3801 ACT,'19 TG3802 NSW,'19 Ref Discnct
VK2RTH,'20 VK2RTH Scan,'20 TG1 WW,'20 TG5 VK Bcast,'20 TG8 S1,'20 TG9 S1 Loc,'20 TG13 WWE,'20 TG113 UA E1,'20 TG123 UA E2,'20 TG133 +USA,'20 TG143 +UK,'20 TG153 SthPac,'20 TG505 AU,'20 TG3800 AU+,'20 TG3801 ACT,'20 TG3802 NSW,'20 Ref Discnct
VK2RGN,'21 VK2RGN Scan,'21 TG1 WW,'21 TG5 VK Bcast,'21 TG8 S1,'21 TG9 S1 Loc,'21 TG13 WWE,'21 TG113 UA E1,'21 TG123 UA E2,'21 TG133 +USA,'21 TG143 +UK,'21 TG153 SthPac,'21 TG505 AU,'21 TG3800 AU+,'21 TG3801 ACT,'21 TG3802 NSW,'21 Ref Discnct
VK2RHR,'22 VK2RHR Scan,'22 TG1 WW,'22 TG5 VK Bcast,'22 TG8 S1,'22 TG9 S1 Loc,'22 TG13 WWE,'22 TG113 UA E1,'22 TG123 UA E2,'22 TG133 +USA,'22 TG143 +UK,'22 TG153 SthPac,'22 TG505 AU,'22 TG3800 AU+,'22 TG3801 ACT,'22 TG3802 NSW,'22 Ref Discnct
VK2RYS,'23 VK2RYS Scan,'23 TG1 WW,'23 TG5 VK Bcast,'23 TG8 S1,'23 TG9 S1 Loc,'23 TG13 WWE,'23 TG113 UA E1,'23 TG123 UA E2,'23 TG133 +USA,'23 TG143 +UK,'23 TG153 SthPac,'23 TG505 AU,'23 TG3800 AU+,'23 TG3801 ACT,'23 TG3802 NSW,'23 Ref Discnct
VK2RCG,'24 VK2RCG Scan,'24 TG1 WW,'24 TG5 VK Bcast,'24 TG8 S1,'24 TG9 S1 Loc,'24 TG13 WWE,'24 TG113 UA E1,'24 TG123 UA E2,'24 TG133 +USA,'24 TG143 +UK,'24 TG153 SthPac,'24 TG505 AU,'24 TG3800 AU+,'24 TG3801 ACT,'24 TG3802 NSW,'24 Ref Discnct
VK2RRW,'25 VK2RRW Scan,'25 TG1 WW,'25 TG5 VK Bcast,'25 TG8 S1,'25 TG9 S1 Loc,'25 TG13 WWE,'25 TG113 UA E1,'25 TG123 UA E2,'25 TG133 +USA,'25 TG143 +UK,'25 TG153 SthPac,'25 TG505 AU,'25 TG3800 AU+,'25 TG3801 ACT,'25 TG3802 NSW,'25 Ref Discnct
VK2RLE,'26 VK2RLE Scan,'26 TG1 WW,'26 TG5 VK Bcast,'26 TG8 S1,'26 TG9 S1 Loc,'26 TG13 WWE,'26 TG113 UA E1,'26 TG123 UA E2,'26 TG133 +USA,'26 TG143 +UK,'26 TG153 SthPac,'26 TG505 AU,'26 TG3800 AU+,'26 TG3801 ACT,'26 TG3802 NSW,'26 Ref Discnct
VK2RHT,'27 VK2RHT Scan,'27 TG1 WW,'27 TG5 VK Bcast,'27 TG8 S1,'27 TG9 S1 Loc,'27 TG13 WWE,'27 TG113 UA E1,'27 TG123 UA E2,'27 TG133 +USA,'27 TG143 +UK,'27 TG153 SthPac,'27 TG505 AU,'27 TG3800 AU+,'27 TG3801 ACT,'27 TG3802 NSW,'27 Ref Discnct
VK2RAO,'28 VK2RAO Scan,'28 TG1 WW,'28 TG5 VK Bcast,'28 TG8 S1,'28 TG9 S1 Loc,'28 TG13 WWE,'28 TG113 UA E1,'28 TG123 UA E2,'28 TG133 +USA,'28 TG143 +UK,'28 TG153 SthPac,'28 TG505 AU,'28 TG3800 AU+,'28 TG3801 ACT,'28 TG3802 NSW,'28 Ref Discnct
VK2RCV,'29 VK2RCV Scan,'29 TG1 WW,'29 TG5 VK Bcast,'29 TG8 S1,'29 TG9 S1 Loc,'29 TG13 WWE,'29 TG113 UA E1,'29 TG123 UA E2,'29 TG133 +USA,'29 TG143 +UK,'29 TG153 SthPac,'29 TG505 AU,'29 TG3800 AU+,'29 TG3801 ACT,'29 TG3802 NSW,'29 Ref Discnct
VK2RAF bm,'2RAF TG9S2,'2RAF 505 AU,'2RAF YSF 50599,'2RAF 5051 ACT,'2RAF 5052 NSW,'2RAF BM Local,'2RAF TG91 WW,'2RAF TG913 WWE,'2RAF TG923 EU E,'2RAF TG95 PacRim,'2RAF 4000 discnt,,,,,
VK2RAG bm,'2RAG TG9S2,'2RAG 505 AU,'2RAG YSF 50599,'2RAG 5051 ACT,'2RAG 5052 NSW,'2RAG BM Local,'2RAG TG91 WW,'2RAG TG913 WWE,'2RAG TG923 EU E,'2RAG TG95 PacRim,'2RAG 4000 discnt,,,,,
VK2RCW bm,'2RCW TG9S2,'2RCW 505 AU,'2RCW YSF 50599,'2RCW 5051 ACT,'2RCW 5052 NSW,'2RCW BM Local,'2RCW TG91 WW,'2RCW TG913 WWE,'2RCW TG923 EU E,'2RCW TG95 PacRim,'2RCW 4000 discnt,,,,,
VK2RGN bm,'2RGN TG9S2,'2RGN 505 AU,'2RGN YSF 50599,'2RGN 5051 ACT,'2RGN 5052 NSW,'2RGN BM Local,'2RGN TG91 WW,'2RGN TG913 WWE,'2RGN TG923 EU E,'2RGN TG95 PacRim,'2RGN 4000 discnt,,,,,
VK2RGP bm,'2RGP TG9S2,'2RGP 505 AU,'2RGP YSF 50599,'2RGP 5051 ACT,'2RGP 5052 NSW,'2RGP WICEN,'2RGP TG91 WW,'2RGP TG913 WWE,'2RGP TG923 EU E,'2RGP TG95 PacRim,'2RGP 4000 discnt,,,,,
VK2RHK Wyong,'2RHK Scan,'2RHK1 TG9 S2,'2RHK1 505 AU,'2RHK1 YSF 50599,'2RHK1 5052 NSW,'2RHK1 BM Local,'2RHK1 4000 discn,'2RHK1 5000 statu,'2RHK2 TG9 S2,'2RHK2 505 AU,'2RHK2 YSF 50599,'2RHK2 5052 NSW,'2RHK2 BM Local,'2RHK2 4000 discn,'2RHK2 5000 statu,
VK2RHX bm,'2RHX TG9S2,'2RHX 505 AU,'2RHX YSF 50599,'2RHX 5051 ACT,'2RHX 5052 NSW,'2RHX BM Local,'2RHX TG91 WW,'2RHX TG913 WWE,'2RHX TG923 EU E,'2RHX TG95 PacRim,'2RHX 4000 discnt,,,,,
VK2RMP bm,'2RMP TG9S2,'2RMP 505 AU,'2RMP YSF 50599,'2RMP 5051 ACT,'2RMP 5052 NSW,'2RMP BM Local,'2RMP TG91 WW,'2RMP TG913 WWE,'2RMP TG923 EU E,'2RMP TG95 PacRim,'2RMP 4000 discnt,,,,,
VK2AVM bm,'2AMV TG9S2,'2AMV TG8 S2,'2AMV 505 AU,'2AMV YSF 50599,'2AMV 5052 NSW,'2AMV BM Local,'2AMV TG91 WW,'2AMV TG913 WWE,'2AMV TG923 EU E,'2AMV TG95 PacRim,'2AMV 4000 discnt,,,,,
VK2GG bm,'2GG TG9S2,'2GG TG8 S2,'2GG 505 AU,'2GG YSF 50599,'2GG 5052 NSW,'2GG BM Local,'2GG TG91 WW,'2GG TG913 WWE,'2GG TG923 EU E,'2GG TG95 PacRim,'2GG 4000 discnt,,,,,
VK2JDS bm,'2JDS TG9S2,'2JDS TG8 S2,'2JDS 505 AU,'2JDS YSF 50599,'2JDS 5052 NSW,'2JDS BM Local,'2JDS TG91 WW,'2JDS TG913 WWE,'2JDS TG923 EU E,'2JDS TG95 PacRim,'2JDS 4000 discnt,,,,,
VK3RSU,'30 VK3RSU Scan,'30 TG1 WW,'30 TG5 VK Bcast,'30 TG8 S1,'30 TG9 S1 Loc,'30 TG13 WWE,'30 TG113 UA E1,'30 TG123 UA E2,'30 TG133 +USA,'30 TG143 +UK,'30 TG153 SthPac,'30 TG505 AU,'30 TG3800 AU+,'30 TG3803 Vic,'30 Ref Discnct,'30 Rep Status
VK3RTE,'31 VK3RTE Scan,'31 TG1 WW,'31 TG5 VK Bcast,'31 TG8 S1,'31 TG9 S1 Loc,'31 TG13 WWE,'31 TG113 UA E1,'31 TG123 UA E2,'31 TG133 +USA,'31 TG143 +UK,'31 TG153 SthPac,'31 TG505 AU,'31 TG3800 AU+,'31 TG3803 Vic,'31 Ref Discnct,'31 Rep Status
VK3RMC,'33 VK3RMC Scan,'33 TG1 WW,'33 TG5 VK Bcast,'33 TG8 S1,'33 TG9 S1 Loc,'33 TG13 WWE,'33 TG113 UA E1,'33 TG123 UA E2,'33 TG133 +USA,'33 TG143 +UK,'33 TG153 SthPac,'33 TG505 AU,'33 TG3800 AU+,'33 TG3803 Vic,'33 Ref Discnct,'33 Rep Status
VK3RZU,'32 VK3RZU Scan,'32 TG1 WW,'32 TG5 VK Bcast,'32 TG8 S1,'32 TG9 S1 Loc,'32 TG13 WWE,'32 TG113 UA E1,'32 TG123 UA E2,'32 TG133 +USA,'32 TG143 +UK,'32 TG153 SthPac,'32 TG505 AU,'32 TG3800 AU+,'32 TG3803 Vic,'32 Ref Discnct,'32 Rep Status
VK3RMM,'34 VK3RMM Scan,'34 TG1 WW,'34 TG5 VK Bcast,'34 TG8 S1,'34 TG9 S1 Loc,'34 TG13 WWE,'34 TG113 UA E1,'34 TG123 UA E2,'34 TG133 +USA,'34 TG143 +UK,'34 TG153 SthPac,'34 TG505 AU,'34 TG3800 AU+,'34 TG3803 Vic,'34 Ref Discnct,'34 Rep Status
VK3RPT,'35 VK3RPT Scan,'35 TG1 WW,'35 TG5 VK Bcast,'35 TG8 S1,'35 TG9 S1 Loc,'35 TG13 WWE,'35 TG113 UA E1,'35 TG123 UA E2,'35 TG133 +USA,'35 TG143 +UK,'35 TG153 SthPac,'35 TG505 AU,'35 TG3800 AU+,'35 TG3803 Vic,'35 Ref Discnct,'35 Rep Status
VK3RGL Geelng,'36 VK3RGL Scan,'36 TG1 WW,'36 TG5 VK Bcast,'36 TG8 S1,'36 TG9 S1 Loc,'36 TG13 WWE,'36 TG113 UA E1,'36 TG123 UA E2,'36 TG133 +USA,'36 TG143 +UK,'36 TG153 SthPac,'36 TG505 AU,'36 TG3800 AU+,'36 TG3803 Vic,'36 Ref Discnct,'36 Rep Status
VK3RPS,'37 VK3RPS Scan,'37 TG1 WW,'37 TG5 VK Bcast,'37 TG8 S1,'37 TG9 S1 Loc,'37 TG13 WWE,'37 TG113 UA E1,'37 TG123 UA E2,'37 TG133 +USA,'37 TG143 +UK,'37 TG153 SthPac,'37 TG505 AU,'37 TG3800 AU+,'37 TG3803 Vic,'37 Ref Discnct,'37 Rep Status
VK3RBQ,'38 VK3RBQ Scan,'30 TG1 WW,'38 TG5 VK Bcast,'38 TG8 S1,'38 TG9 S1 Loc,'38 TG13 WWE,'38 TG113 UA E1,'38 TG123 UA E2,'38 TG133 +USA,'38 TG143 +UK,'38 TG153 SthPac,'38 TG505 AU,'38 TG3800 AU+,'38 TG3803 Vic,'38 Ref Discnct,'38 Rep Status
VK3AS bm Hrshm,'3AS TG9 S2,'3AS TG8 S2,'3AS 505 AU,'3AS 5053 Vic,'3AS BM Local,'3AS 4000 discnt,'3AS 5000 status,,,,,,,,,
VK3IMA bm,'3IMA TG9 S2,'3IMA TG8 S2,'3IMA 505 AU,'3IMA YSF 50599,'3IMA 5053 Vic,'3IMA BM Local,'3IMA 4000 discnt,'3IMA 5000 status,,,,,,,,
VK3SMC bm,'3SMC TG9 S2,'3SMC TG8 S2,'3SMC 505 AU,'3SMC YSF 50599,'3SMC 5053 Vic,'3SMC BM Local,'3SMC 4000 discnt,'3SMC 5000 status,,,,,,,,
VK3RBA bm,'3RBA TG9 S2,'3RBA TG8 S2,'3RBA 505 AU,'3RBA YSF 50599,'3RBA 5053 Vic,'3RBA BM Local,'3RBA 4000 discnt,'3RBA 5000 status,,,,,,,,
VK4RGX,'40 VK4RGX Scan,'40 TG1 WW,'40 TG5 VK Bcast,'40 TG8 S1,'40 TG9 S1 Loc,'40 TG13 WWE,'40 TG113 UA E1,'40 TG123 UA E2,'40 TG133 +USA,'40 TG143 +UK,'40 TG153 SthPac,'40 TG505 AU,'40 TG3800 AU+,'40 TG3804 Qld,'40 Ref Discnct,'40 Rep Status
VK4RMC,'41 VK4RMC Scan,'41 TG1 WW,'41 TG5 VK Bcast,'41 TG8 S1,'41 TG9 S1 Loc,'41 TG13 WWE,'41 TG113 UA E1,'41 TG123 UA E2,'41 TG133 +USA,'41 TG143 +UK,'41 TG153 SthPac,'41 TG505 AU,'41 TG3800 AU+,'41 TG3804 Qld,'41 Ref Discnct,'41 Rep Status
VK4RTQ,'42 VK4RTQ Scan,'42 TG1 WW,'42 TG5 VK Bcast,'42 TG8 S1,'42 TG9 S1 Loc,'42 TG13 WWE,'42 TG113 UA E1,'42 TG123 UA E2,'42 TG133 +USA,'42 TG143 +UK,'42 TG153 SthPac,'42 TG505 AU,'42 TG3800 AU+,'42 TG3804 Qld,'42 Ref Discnct,'42 Rep Status
VK4RDU,'43 VK4RDU Scan,'43 TG1 WW,'43 TG5 VK Bcast,'43 TG8 S1,'43 TG9 S1 Loc,'43 TG13 WWE,'43 TG113 UA E1,'43 TG123 UA E2,'43 TG133 +USA,'43 TG143 +UK,'43 TG153 SthPac,'43 TG505 AU,'43 TG3800 AU+,'43 TG3804 Qld,'43 Ref Discnct,'43 Rep Status
VK4REG,'44 VK4REG Scan,'44 TG1 WW,'44 TG5 VK Bcast,'44 TG8 S1,'44 TG9 S1 Loc,'44 TG13 WWE,'44 TG113 UA E1,'44 TG123 UA E2,'44 TG133 +USA,'44 TG143 +UK,'44 TG153 SthPac,'44 TG505 AU,'44 TG3800 AU+,'44 TG3804 Qld,'44 Ref Discnct,'44 Rep Status
VK4RBX,'45 VK4RBX Scan,'45 TG1 WW,'45 TG5 VK Bcast,'45 TG8 S1,'45 TG9 S1 Loc,'45 TG13 WWE,'45 TG113 UA E1,'45 TG123 UA E2,'45 TG133 +USA,'45 TG143 +UK,'45 TG153 SthPac,'45 TG505 AU,'45 TG3800 AU+,'45 TG3804 Qld,'45 Ref Discnct,'45 Rep Status
VK4RNX,'46 VK4RNX Scan,'46 TG1 WW,'46 TG5 VK Bcast,'46 TG8 S1,'46 TG9 S1 Loc,'46 TG13 WWE,'46 TG113 UA E1,'46 TG123 UA E2,'46 TG133 +USA,'46 TG143 +UK,'46 TG153 SthPac,'46 TG505 AU,'46 TG3800 AU+,'46 TG3804 Qld,'46 Ref Discnct,'46 Rep Status
VK4RBY bm,'4RBY TG9 S2,'4RBY TG8 S2,'4RBY 505 AU,'4RBY YSF 50599,'4RBY 5053 Qld,'4RBY BM Local,'4RBY 4000 discnt,'4RBY 5000 status,,,,,,,,
VK4RBX bm,'4RBX TG9 S2,'4RBX TG8 S2,'4RBX 505 AU,'4RBX YSF 50599,'4RBX 5053 Qld,'4RBX BM Local,'4RBX 4000 discnt,'4RBX 5000 status,,,,,,,,
VK4RCN bm,'4RCN TG9 S2,'4RCN TG8 S2,'4RCN 505 AU,'4RCN YSF 50599,'4RCN 5053 Qld,'4RCN BM Local,'4RCN 4000 discnt,'4RCN 5000 status,,,,,,,,
VK4RSA bm,'4RSA TG9 S2,'4RSA TG8 S2,'4RSA 505 AU,'4RSA YSF 50599,'4RSA 5053 Qld,'4RSA BM Local,'4RSA 4000discnt,'4RSA 5000status,,,,,,,,
VK4TCA bm,'4TCA  TG9 S2,'4TCA TG8 S2,'4TCA 505 AU,'4TCA YSF 50599,'4TCA 5053 Qld,'4TCA BM Local,'4TCA 4000 discnt,'4TCA 5000 status,,,,,,,,
VK4TUX bm,'4TUX  TG9 S2,'4TUX TG8 S2,'4TUX 505 AU,'4TUX YSF 50599,'4TUX 5053 Qld,'4TUX BM Local,'4TUX 4000 discnt,'4TUX 5000 status,,,,,,,,
VK5RSF,'50 VK5RSF Scan,'50 TG1 WW,'50 TG5 VK Bcast,'50 TG8 S1,'50 TG9 S1 Loc,'50 TG13 WWE,'50 TG113 UA E1,'50 TG123 UA E2,'50 TG133 +USA,'50 TG143 +UK,'50 TG153 SthPac,'50 TG505 AU,'50 TG3800 AU+,'50 TG3805 SA,'50 Ref Discnct,'50 Rep Status
VK6RDM,'60 VK6RDM Scan,'60 TG1 WW,'60 TG5 VK Bcast,'60 TG8 S1,'60 TG9 S1 Loc,'60 TG13 WWE,'60 TG113 UA E1,'60 TG123 UA E2,'60 TG133 +USA,'60 TG143 +UK,'60 TG153 SthPac,'60 TG505 AU,'60 TG3800 AU+,'60 TG3806 WA,'60 Ref Discnct,'60 Rep Status
VK6RLM,'61 VK6RLM Scan,'61 TG1 WW,'61 TG5 VK Bcast,'61 TG8 S1,'61 TG9 S1 Loc,'61 TG13 WWE,'61 TG113 UA E1,'61 TG123 UA E2,'61 TG133 +USA,'61 TG143 +UK,'61 TG153 SthPac,'61 TG505 AU,'61 TG3800 AU+,'61 TG3806 WA,'61 Ref Discnct,'61 Rep Status
VK6RRR,'62 VK6RRR Scan,'62 TG1 WW,'62 TG5 VK Bcast,'62 TG8 S1,'62 TG9 S1 Loc,'62 TG13 WWE,'62 TG113 UA E1,'62 TG123 UA E2,'62 TG133 +USA,'62 TG143 +UK,'62 TG153 SthPac,'62 TG505 AU,'62 TG3800 AU+,'62 TG3806 WA,'62 Ref Discnct,'62 Rep Status
VK6RPT,'63 VK6RPT Scan,'63 TG1 WW,'63 TG5 VK Bcast,'63 TG8 S1,'63 TG9 S1 Loc,'63 TG13 WWE,'63 TG113 UA E1,'63 TG123 UA E2,'63 TG133 +USA,'63 TG143 +UK,'63 TG153 SthPac,'63 TG505 AU,'63 TG3800 AU+,'63 TG3806 WA,'63 Ref Discnct,'63 Rep Status
VK6RGF bm,'6RGF  TG9 S2,'6RGF TG8 S2,'6RGF 505 AU,'6RGF YSF 50599,'6RGF 5053 WA,'6RGF BM Local,'6RGF 4000 discnt,'6RGF 5000 status,,,,,,,,
VK7RCR,'70 VK7RCR Scan,'70 TG1 WW,'70 TG5 VK Bcast,'70 TG8 S1,'70 TG9 S1 Loc,'70 TG13 WWE,'70 TG113 UA E1,'70 TG123 UA E2,'70 TG133 +USA,'70 TG143 +UK,'70 TG153 SthPac,'70 TG505 AU,'70 TG3800 AU+,'70 TG3807 Tas,'70 Ref Discnct,'70 Rep Status
VK7RJD,'71 VK7RAA Scan,'71 TG1 WW,'71 TG5 VK Bcast,'71 TG8 S1,'71 TG9 S1 Loc,'71 TG13 WWE,'71 TG113 UA E1,'71 TG123 UA E2,'71 TG133 +USA,'71 TG143 +UK,'71 TG153 SthPac,'71 TG505 AU,'71 TG3800 AU+,'71 TG3807 Tas,'71 Ref Discnct,'71 Rep Status
VK7RCR bm,'7RCR  TG9 S2,'7RCR TG8 S2,'7RCR 505 AU,'7RCR YSF 50599,'7RCR 5053 WA,'7RCR BM Local,'7RCR 4000 discnt,'7RCR 5000 status,,,,,,,,
Analog SA,SA Anlg Scan,VK5RAC 2mLEyrPn,VK5RAD 2m Crfrs,VK5RAH 2mAdlHls,VK5RBK 2m MtBkr,VK5RBT 2m Bdtwn,VK5RBV 2m Brosa,VK5RHO 2m Adlde,VK5RLD 2m Rvlnd,VK5RLH 2m CntNt,VK5RLZ 2m AdNth,VK5RMB 2m MBdge,VK5RMG 2m MtGmb,VK5RMN 2m PtPri,VK5RSE 2m Mlcnt,VK5RSV 2mAdlSth